Date_operation,Entr√©e,Sortie,Stock
2020-01-01 16:14:20,0.0,0.0,0.0
2023-01-02 09:11:17,0.0,10.0,124.0
2023-01-02 11:42:52,8.0,0.0,132.0
2024-01-02 08:04:06,0.0,20.0,0.0
2025-01-02 09:51:21,990.0,0.0,0.0
2025-01-02 09:52:22,0.0,50.0,0.0
2025-01-02 10:00:21,0.0,100.0,0.0
2025-01-02 10:04:53,0.0,200.0,0.0
2025-01-02 12:48:59,0.0,5.0,0.0
2025-01-02 15:02:03,0.0,200.0,0.0
2025-01-03 09:17:07,0.0,30.0,0.0
2025-01-03 10:33:17,0.0,10.0,0.0
2025-01-03 10:47:15,0.0,50.0,0.0
2024-01-04 09:37:37,500.0,0.0,0.0
2024-01-04 09:46:05,500.0,0.0,0.0
2024-01-04 10:34:47,0.0,20.0,0.0
2025-01-04 09:52:18,0.0,30.0,0.0
2025-01-04 11:20:09,0.0,50.0,0.0
2024-01-05 09:03:26,36.0,0.0,0.0
2023-01-06 09:37:51,0.0,200.0,657.0
2023-01-06 11:26:49,0.0,2.0,655.0
2023-01-06 12:20:08,2.0,0.0,657.0
2024-01-06 11:07:12,0.0,100.0,0.0
2024-01-06 16:09:03,4.0,0.0,0.0
2023-01-07 11:02:34,0.0,20.0,1959.0
2024-01-07 08:29:16,0.0,30.0,0.0
2024-01-07 09:19:23,0.0,30.0,0.0
2024-01-07 12:34:46,700.0,0.0,0.0
2025-01-07 10:01:01,0.0,50.0,0.0
2025-01-07 10:39:24,0.0,50.0,0.0
2025-01-07 11:34:09,0.0,100.0,0.0
2025-01-07 14:52:17,0.0,200.0,0.0
2022-01-08 14:06:13,9.0,0.0,0.0
2023-01-08 09:49:06,250.0,0.0,0.0
2023-01-08 10:27:48,0.0,20.0,0.0
2023-01-08 14:38:36,0.0,5.0,0.0
2024-01-08 11:01:36,0.0,20.0,0.0
2024-01-08 15:07:12,0.0,2.0,0.0
2025-01-08 10:17:37,0.0,50.0,0.0
2025-01-08 12:37:45,0.0,25.0,0.0
2022-01-09 11:26:13,0.0,50.0,0.0
2022-01-09 11:26:13,0.0,0.0,0.0
2022-01-09 11:53:30,0.0,20.0,0.0
2022-01-09 12:09:46,0.0,0.0,0.0
2022-01-09 12:09:46,0.0,250.0,0.0
2023-01-09 12:24:44,300.0,0.0,0.0
2023-01-09 16:55:41,1000.0,0.0,0.0
2024-01-10 08:59:24,0.0,40.0,915.0
2024-01-10 09:03:59,0.0,60.0,855.0
2024-01-10 13:11:43,0.0,40.0,815.0
2022-01-11 11:52:57,0.0,200.0,446.0
2022-01-11 14:24:05,0.0,10.0,436.0
2023-01-11 09:11:50,0.0,20.0,0.0
2024-01-11 10:29:18,0.0,20.0,0.0
2022-01-12 08:58:51,0.0,10.0,797.0
2022-01-12 09:05:45,0.0,20.0,777.0
2022-01-12 11:08:26,0.0,5.0,772.0
2022-01-12 11:36:50,0.0,5.0,767.0
2023-01-12 13:15:35,1000.0,0.0,0.0
2024-01-12 09:48:52,990.0,0.0,0.0
2024-01-12 09:51:19,0.0,100.0,0.0
2024-02-01 08:02:52,400.0,0.0,0.0
2023-02-02 08:45:58,0.0,30.0,102.0
2023-02-02 08:52:57,0.0,20.0,82.0
2024-02-02 08:16:31,0.0,100.0,0.0
2024-02-02 10:10:15,0.0,5.0,0.0
2024-02-02 10:18:27,100.0,0.0,0.0
2024-02-02 10:20:48,119.0,0.0,0.0
2024-02-02 10:23:31,50.0,0.0,0.0
2024-02-02 10:27:17,0.0,40.0,0.0
2024-02-02 10:59:57,1.0,0.0,0.0
2024-02-02 10:59:57,999.0,0.0,0.0
2024-02-02 14:04:33,0.0,20.0,0.0
2024-02-03 09:37:31,51.0,0.0,0.0
2024-02-03 09:50:42,0.0,20.0,0.0
2024-02-03 10:49:33,0.0,100.0,0.0
2024-02-03 12:00:49,100.0,0.0,0.0
2024-02-03 12:03:23,0.0,100.0,0.0
2025-02-04 12:48:40,0.0,100.0,0.0
2025-02-05 09:23:24,0.0,50.0,0.0
2025-02-05 10:11:11,0.0,30.0,0.0
2025-02-05 11:49:15,0.0,50.0,0.0
2025-02-05 13:35:59,0.0,20.0,0.0
2023-02-06 12:08:30,0.0,100.0,557.0
2023-02-06 14:50:14,0.0,10.0,547.0
2025-02-06 09:46:29,1000.0,0.0,0.0
2025-02-06 10:38:26,0.0,1.0,0.0
2025-02-06 10:50:32,0.0,50.0,0.0
2025-02-06 13:57:21,0.0,25.0,0.0
2025-02-06 14:03:49,0.0,10.0,0.0
2025-02-06 14:18:45,0.0,35.0,0.0
2025-02-06 14:20:34,0.0,2.0,0.0
2025-02-06 14:34:29,0.0,3.0,0.0
2025-02-06 14:51:32,0.0,20.0,0.0
2025-02-06 15:37:18,0.0,3.0,0.0
2025-02-06 15:44:38,0.0,4.0,0.0
2025-02-06 15:49:30,0.0,2.0,0.0
2025-02-06 15:51:53,0.0,1.0,0.0
2025-02-06 15:51:53,0.0,5.0,0.0
2025-02-06 16:06:33,0.0,2.0,0.0
2025-02-06 16:12:35,0.0,5.0,0.0
2025-02-06 16:20:42,0.0,10.0,0.0
2025-02-06 16:28:07,0.0,25.0,0.0
2025-02-06 16:44:30,0.0,1.0,0.0
2025-02-06 16:46:11,0.0,20.0,0.0
2025-02-07 09:26:51,0.0,1.0,0.0
2025-02-07 11:19:10,0.0,50.0,0.0
2025-02-07 11:34:00,0.0,10.0,0.0
2025-02-07 11:41:47,0.0,100.0,0.0
2025-02-07 11:45:27,0.0,20.0,0.0
2025-02-07 11:53:25,0.0,10.0,0.0
2025-02-07 12:24:02,0.0,2.0,0.0
2025-02-07 12:34:29,0.0,2.0,0.0
2025-02-07 12:40:17,0.0,2.0,0.0
2025-02-07 12:45:20,0.0,1.0,0.0
2025-02-07 17:14:09,1000.0,0.0,0.0
2022-02-08 10:13:17,0.0,250.0,0.0
2022-02-08 10:13:17,0.0,3.0,0.0
2022-02-08 11:01:27,0.0,10.0,0.0
2022-02-08 11:03:18,0.0,5.0,0.0
2022-02-08 11:45:54,100.0,0.0,0.0
2022-02-08 12:06:39,0.0,2.0,0.0
2022-02-08 12:45:49,499.0,0.0,0.0
2022-02-08 15:08:28,0.0,2.0,0.0
2022-02-08 15:12:29,0.0,2.0,0.0
2022-02-08 15:14:52,0.0,10.0,0.0
2022-02-08 15:16:47,0.0,3.0,0.0
2022-02-08 17:03:30,7.0,0.0,0.0
2023-02-08 09:05:00,0.0,15.0,0.0
2023-02-08 13:31:51,0.0,1.0,0.0
2023-02-08 16:23:52,0.0,500.0,0.0
2023-02-08 16:39:15,150.0,0.0,0.0
2023-02-08 16:46:59,1.0,0.0,0.0
2024-02-08 11:42:00,0.0,1.0,0.0
2024-02-08 13:54:20,0.0,60.0,0.0
2024-02-08 14:19:22,60.0,0.0,0.0
2025-02-08 09:57:58,0.0,20.0,0.0
2025-02-08 10:48:43,0.0,1.0,0.0
2022-02-09 08:51:53,0.0,25.0,0.0
2022-02-09 12:33:52,0.0,10.0,0.0
2022-02-09 12:49:37,0.0,5.0,0.0
2022-02-09 13:28:23,0.0,2.0,0.0
2022-02-09 14:17:45,0.0,250.0,0.0
2022-02-09 14:17:45,0.0,3.0,0.0
2023-02-09 11:00:33,0.0,25.0,0.0
2023-02-09 11:43:12,0.0,30.0,0.0
2024-02-09 13:06:40,0.0,40.0,891.0
2024-02-09 15:22:17,0.0,10.0,881.0
2023-02-10 12:06:52,0.0,1.0,0.0
2023-02-10 12:06:52,0.0,100.0,0.0
2023-02-10 12:36:46,0.0,1.0,0.0
2023-02-10 12:36:46,0.0,100.0,0.0
2023-02-10 14:36:10,0.0,15.0,0.0
2023-02-10 15:33:34,0.0,10.0,0.0
2024-02-10 09:38:09,0.0,40.0,775.0
2024-02-10 10:01:29,40.0,0.0,815.0
2024-02-10 11:25:42,0.0,20.0,795.0
2024-02-10 12:56:14,0.0,50.0,745.0
2022-02-11 08:41:54,0.0,15.0,421.0
2022-02-12 17:25:48,0.0,20.0,747.0
2023-02-12 12:07:48,0.0,100.0,0.0
2023-02-12 12:07:48,0.0,3.0,0.0
2024-02-12 09:39:13,0.0,100.0,0.0
2024-02-12 09:46:47,0.0,40.0,0.0
2024-02-12 09:59:31,0.0,10.0,0.0
2024-02-12 10:55:27,0.0,25.0,0.0
2024-02-12 10:57:21,0.0,75.0,0.0
2024-02-12 10:58:55,0.0,50.0,0.0
2024-02-12 11:08:07,0.0,150.0,0.0
2024-02-12 11:53:09,0.0,50.0,0.0
2024-02-12 11:55:20,0.0,50.0,0.0
2024-02-12 12:20:26,0.0,100.0,0.0
2023-03-01 09:05:11,0.0,20.0,935.0
2023-03-01 09:13:48,0.0,20.0,915.0
2024-03-01 10:39:51,0.0,100.0,0.0
2024-03-01 10:39:51,0.0,3.0,0.0
2024-03-01 12:27:33,0.0,35.0,0.0
2023-03-02 09:09:39,0.0,20.0,62.0
2024-03-02 08:56:09,0.0,20.0,0.0
2025-03-02 09:32:53,0.0,100.0,0.0
2025-03-02 09:35:22,990.0,0.0,0.0
2025-03-02 09:48:57,0.0,10.0,0.0
2025-03-02 10:17:04,0.0,100.0,0.0
2025-03-02 10:51:25,0.0,30.0,0.0
2025-03-02 11:12:21,0.0,100.0,0.0
2025-03-02 11:18:08,0.0,100.0,0.0
2025-03-02 11:52:44,0.0,15.0,0.0
2025-03-02 16:26:07,0.0,100.0,0.0
2025-03-03 09:55:49,0.0,100.0,0.0
2025-03-03 10:10:21,0.0,200.0,0.0
2025-03-03 10:13:27,0.0,5.0,0.0
2025-03-03 10:43:18,0.0,2.0,0.0
2025-03-03 11:47:08,0.0,1.0,0.0
2025-03-03 11:57:54,0.0,2.0,0.0
2025-03-03 12:01:34,0.0,4.0,0.0
2025-03-03 12:18:54,0.0,1.0,0.0
2025-03-03 12:24:00,0.0,2.0,0.0
2025-03-03 12:41:02,0.0,10.0,0.0
2025-03-03 13:19:30,0.0,200.0,0.0
2024-03-04 10:14:46,0.0,20.0,0.0
2024-03-04 11:36:14,0.0,40.0,0.0
2024-03-04 14:49:03,0.0,40.0,0.0
2025-03-04 09:59:31,0.0,200.0,0.0
2025-03-04 11:30:54,0.0,50.0,0.0
2023-03-05 09:33:16,0.0,15.0,400.0
2024-03-05 12:54:23,0.0,30.0,0.0
2024-03-05 13:52:19,997.0,0.0,0.0
2025-03-05 13:51:23,0.0,30.0,0.0
2023-03-06 08:37:35,0.0,20.0,527.0
2023-03-06 10:54:39,0.0,20.0,507.0
2023-03-06 12:13:49,0.0,50.0,457.0
2024-03-06 11:31:05,0.0,30.0,0.0
2024-03-06 15:50:02,0.0,10.0,0.0
2024-03-06 17:03:58,0.0,100.0,0.0
2025-03-06 11:09:55,0.0,20.0,0.0
2025-03-06 11:29:53,0.0,2.0,0.0
2025-03-06 17:09:54,0.0,100.0,0.0
2023-03-07 08:42:54,0.0,20.0,1939.0
2023-03-07 12:22:24,0.0,20.0,1919.0
2023-03-07 13:57:12,0.0,5.0,1914.0
2023-03-07 14:37:07,0.0,1.0,1913.0
2024-03-07 14:21:45,0.0,1.0,0.0
2025-03-07 08:41:32,0.0,50.0,0.0
2025-03-07 16:20:35,0.0,150.0,0.0
2022-03-08 08:22:51,0.0,15.0,0.0
2022-03-08 14:23:31,0.0,50.0,0.0
2022-03-08 14:23:31,0.0,0.0,1410.0
2022-03-08 14:52:37,0.0,5.0,1405.0
2022-03-08 15:12:56,0.0,0.0,0.0
2022-03-08 15:12:56,0.0,50.0,1351.0
2022-03-08 15:33:24,0.0,4.0,1401.0
2022-03-08 17:25:23,0.0,10.0,1184.0
2022-03-08 17:29:21,0.0,5.0,1194.0
2022-03-08 17:32:13,0.0,150.0,0.0
2022-03-08 17:32:13,0.0,0.0,1199.0
2023-03-08 10:14:21,0.0,30.0,0.0
2023-03-08 16:09:51,0.0,5.0,0.0
2023-03-08 16:45:26,60.0,0.0,0.0
2024-03-08 08:56:34,0.0,2.0,0.0
2024-03-08 09:07:21,0.0,20.0,0.0
2024-03-08 10:28:07,0.0,200.0,0.0
2024-03-08 11:02:09,0.0,20.0,0.0
2024-03-08 13:40:18,0.0,1.0,0.0
2022-03-09 11:35:09,0.0,250.0,0.0
2022-03-09 11:35:09,0.0,3.0,0.0
2022-03-09 11:47:00,0.0,0.0,0.0
2024-03-09 09:16:49,0.0,40.0,841.0
2024-03-09 11:25:57,0.0,1.0,840.0
2022-03-10 08:35:34,0.0,15.0,1663.0
2022-03-10 10:28:55,0.0,10.0,1653.0
2023-03-10 09:17:39,0.0,20.0,0.0
2022-03-11 12:07:00,0.0,3.0,418.0
2022-03-11 12:08:42,0.0,4.0,414.0
2022-03-11 14:38:26,0.0,50.0,364.0
2022-03-12 11:25:36,0.0,1.0,746.0
2022-03-12 12:16:56,44.0,0.0,790.0
2024-03-12 13:15:09,0.0,50.0,0.0
2023-04-01 08:52:20,0.0,15.0,900.0
2024-04-01 10:13:35,0.0,40.0,0.0
2023-04-02 08:23:58,0.0,20.0,42.0
2023-04-02 08:38:27,0.0,15.0,27.0
2025-04-02 09:04:54,71.0,0.0,0.0
2025-04-02 09:10:25,0.0,50.0,0.0
2025-04-02 11:11:42,0.0,50.0,0.0
2025-04-02 11:25:25,0.0,150.0,0.0
2024-04-03 09:20:28,0.0,20.0,0.0
2025-04-03 10:05:31,0.0,12.0,0.0
2025-04-04 11:00:44,0.0,10.0,0.0
2025-04-04 11:18:11,0.0,150.0,0.0
2025-04-04 11:33:03,0.0,25.0,0.0
2025-04-04 12:26:27,0.0,30.0,0.0
2025-04-04 14:30:21,0.0,7.0,0.0
2023-04-05 11:48:19,0.0,5.0,395.0
2023-04-05 12:02:52,0.0,30.0,365.0
2023-04-05 12:45:32,0.0,5.0,310.0
2023-04-05 12:46:44,0.0,50.0,315.0
2023-04-05 12:49:00,0.0,15.0,295.0
2023-04-05 12:52:24,0.0,10.0,285.0
2024-04-05 08:52:44,495.0,0.0,0.0
2024-04-05 10:54:54,0.0,20.0,0.0
2024-04-06 10:03:35,15.0,0.0,0.0
2024-04-06 11:16:30,0.0,15.0,0.0
2024-04-06 11:48:29,0.0,10.0,0.0
2025-04-06 10:58:55,0.0,50.0,0.0
2025-04-06 11:15:50,0.0,30.0,0.0
2025-04-06 15:03:39,50.0,0.0,0.0
2025-04-06 15:08:24,0.0,50.0,0.0
2025-04-06 15:14:04,0.0,20.0,0.0
2025-04-06 18:11:13,50.0,0.0,0.0
2025-04-06 18:11:46,0.0,50.0,0.0
2023-04-07 10:48:19,0.0,100.0,1813.0
2023-04-07 11:03:19,0.0,10.0,1803.0
2023-04-07 13:49:01,0.0,1.0,1802.0
2024-04-07 09:06:13,0.0,75.0,0.0
2024-04-07 09:44:44,0.0,30.0,0.0
2024-04-07 10:02:33,500.0,0.0,0.0
2024-04-07 11:19:10,0.0,30.0,0.0
2025-04-07 09:28:28,0.0,2.0,0.0
2025-04-07 10:53:57,0.0,30.0,0.0
2025-04-07 11:28:55,0.0,50.0,0.0
2025-04-07 11:56:29,0.0,5.0,0.0
2022-04-08 14:52:03,0.0,6.0,1178.0
2022-04-08 15:35:48,0.0,10.0,1168.0
2022-04-08 15:38:16,0.0,2.0,1166.0
2022-04-08 15:40:47,0.0,10.0,1156.0
2022-04-08 15:45:35,0.0,1.0,1155.0
2022-04-08 16:09:07,0.0,2.0,1153.0
2022-04-08 16:44:13,0.0,2.0,1139.0
2022-04-08 17:20:30,0.0,5.0,1148.0
2022-04-08 17:21:00,0.0,2.0,1146.0
2022-04-08 17:21:45,0.0,5.0,1141.0
2022-04-08 17:22:09,0.0,4.0,1135.0
2022-04-08 17:22:31,0.0,10.0,1125.0
2022-04-08 17:22:51,0.0,50.0,1075.0
2022-04-08 17:22:51,0.0,0.0,0.0
2022-04-08 17:23:54,0.0,5.0,0.0
2022-04-08 17:24:17,0.0,1.0,0.0
2022-04-08 17:46:39,0.0,6.0,0.0
2022-04-08 17:50:23,0.0,10.0,0.0
2023-04-08 08:38:23,0.0,15.0,0.0
2023-04-08 09:29:14,0.0,6.0,0.0
2023-04-08 09:30:23,0.0,20.0,0.0
2023-04-08 09:52:49,0.0,12.0,0.0
2023-04-08 09:54:00,0.0,5.0,0.0
2023-04-08 09:54:53,0.0,2.0,0.0
2023-04-08 09:55:24,0.0,2.0,0.0
2023-04-08 10:31:45,0.0,10.0,0.0
2023-04-08 12:25:36,0.0,5.0,0.0
2023-04-08 12:27:08,0.0,3.0,0.0
2023-04-08 12:27:41,0.0,3.0,0.0
2023-04-08 12:43:55,0.0,50.0,0.0
2023-04-08 13:15:29,0.0,2.0,0.0
2023-04-08 13:15:54,0.0,3.0,0.0
2025-04-08 09:30:40,600.0,0.0,0.0
2025-04-08 09:31:44,200.0,0.0,0.0
2025-04-08 11:32:03,0.0,12.0,0.0
2025-04-08 11:47:46,0.0,10.0,0.0
2025-04-08 13:17:52,0.0,7.0,0.0
2023-04-09 10:16:10,0.0,30.0,0.0
2023-04-09 10:27:05,0.0,100.0,0.0
2023-04-09 10:27:05,0.0,1.0,0.0
2023-04-09 13:04:31,0.0,20.0,0.0
2023-04-09 17:52:29,0.0,100.0,0.0
2023-04-09 17:52:29,0.0,1.0,0.0
2024-04-09 08:40:31,0.0,100.0,740.0
2024-04-09 17:35:10,0.0,40.0,700.0
2022-04-10 08:51:51,0.0,30.0,1623.0
2022-04-10 10:03:08,0.0,12.0,1611.0
2022-04-10 10:26:01,0.0,5.0,1604.0
2022-04-10 10:27:55,0.0,2.0,1609.0
2022-04-10 11:36:39,0.0,1.0,1603.0
2024-04-10 11:04:04,500.0,0.0,1245.0
2024-04-10 11:09:33,0.0,20.0,1225.0
2024-04-10 17:06:13,0.0,5.0,1220.0
2022-04-11 11:01:58,0.0,20.0,319.0
2022-04-11 13:58:49,0.0,25.0,339.0
2022-04-11 14:25:39,0.0,6.0,313.0
2022-04-11 14:30:29,0.0,10.0,303.0
2022-04-11 14:56:12,0.0,5.0,298.0
2022-04-11 17:39:16,0.0,25.0,273.0
2022-04-11 17:45:27,0.0,25.0,48.0
2023-04-11 11:34:43,0.0,100.0,0.0
2023-04-11 11:34:43,0.0,3.0,0.0
2023-04-11 11:46:30,0.0,100.0,0.0
2023-04-11 11:46:30,0.0,3.0,0.0
2023-04-11 11:59:36,0.0,3.0,0.0
2023-04-11 11:59:36,0.0,100.0,0.0
2023-04-11 12:10:00,0.0,30.0,0.0
2023-04-11 12:11:55,0.0,50.0,0.0
2023-04-11 12:11:55,0.0,0.0,0.0
2023-04-11 12:26:35,0.0,150.0,0.0
2023-04-11 12:26:35,0.0,4.0,0.0
2023-04-11 12:38:25,0.0,0.0,0.0
2023-04-11 12:38:25,0.0,25.0,0.0
2024-04-11 09:20:18,0.0,50.0,0.0
2023-04-12 11:53:14,0.0,50.0,0.0
2024-04-12 10:11:02,0.0,150.0,0.0
2023-05-01 09:12:46,0.0,20.0,880.0
2023-05-01 09:42:49,0.0,100.0,780.0
2023-05-01 12:38:40,0.0,100.0,680.0
2023-05-01 13:26:01,0.0,13.0,667.0
2023-05-01 14:01:55,0.0,200.0,467.0
2023-05-01 15:09:47,0.0,20.0,447.0
2023-05-01 16:11:11,0.0,10.0,437.0
2023-05-01 17:00:30,0.0,1.0,436.0
2024-05-01 09:20:58,0.0,20.0,0.0
2024-05-02 09:03:36,0.0,1.0,0.0
2024-05-02 09:22:15,0.0,10.0,0.0
2024-05-02 09:33:31,0.0,2.0,0.0
2024-05-02 09:55:39,0.0,2.0,0.0
2024-05-02 13:04:14,0.0,100.0,0.0
2025-05-02 09:28:28,0.0,60.0,0.0
2025-05-02 10:21:22,0.0,30.0,0.0
2025-05-02 10:28:13,0.0,100.0,0.0
2024-05-03 09:05:05,0.0,12.0,0.0
2024-05-03 09:11:15,0.0,3.0,0.0
2024-05-03 09:38:36,0.0,15.0,0.0
2024-05-03 10:21:07,0.0,15.0,0.0
2024-05-03 11:00:10,0.0,1.0,0.0
2024-05-03 11:09:55,0.0,2.0,0.0
2024-05-03 11:15:27,0.0,5.0,0.0
2024-05-03 11:24:36,0.0,2.0,0.0
2024-05-03 11:41:08,0.0,10.0,0.0
2024-05-03 12:11:58,0.0,1.0,0.0
2024-05-03 14:16:15,0.0,10.0,0.0
2025-05-03 14:05:48,65.0,0.0,0.0
2025-05-03 14:14:11,0.0,2.0,0.0
2023-05-04 13:51:19,250.0,0.0,266.0
2023-05-04 13:55:40,0.0,50.0,216.0
2023-05-04 13:57:18,0.0,100.0,116.0
2023-05-04 13:59:44,0.0,100.0,16.0
2023-05-04 17:07:00,350.0,0.0,366.0
2023-05-04 17:09:51,0.0,60.0,306.0
2023-05-04 17:15:28,0.0,40.0,266.0
2024-05-04 11:02:56,0.0,20.0,0.0
2023-05-05 15:50:49,0.0,20.0,265.0
2025-05-05 09:46:38,0.0,30.0,0.0
2025-05-05 09:54:12,0.0,100.0,0.0
2025-05-05 10:32:31,0.0,50.0,0.0
2025-05-05 14:37:43,7.0,0.0,0.0
2025-05-05 14:40:22,1.0,0.0,0.0
2025-05-05 14:41:08,0.0,100.0,0.0
2023-05-06 09:58:17,0.0,20.0,437.0
2024-05-06 08:56:35,0.0,50.0,0.0
2024-05-06 09:04:45,0.0,15.0,0.0
2024-05-06 09:32:53,0.0,2.0,0.0
2024-05-06 10:09:18,0.0,5.0,0.0
2024-05-06 10:20:41,0.0,1.0,0.0
2024-05-06 10:25:22,0.0,2.0,0.0
2024-05-06 10:31:03,0.0,1.0,0.0
2024-05-06 11:58:54,0.0,4.0,0.0
2023-05-07 08:49:49,0.0,20.0,1782.0
2023-05-07 09:40:15,0.0,10.0,1772.0
2023-05-07 10:40:44,0.0,30.0,1742.0
2023-05-07 10:50:36,0.0,5.0,1737.0
2023-05-07 12:42:04,0.0,4.0,1733.0
2024-05-07 13:02:04,0.0,30.0,0.0
2024-05-07 13:22:45,0.0,75.0,0.0
2024-05-07 13:42:27,75.0,0.0,0.0
2024-05-07 13:56:52,0.0,75.0,0.0
2024-05-07 14:44:34,0.0,20.0,0.0
2024-05-07 14:49:53,0.0,5.0,0.0
2024-05-07 14:53:20,0.0,5.0,0.0
2024-05-07 14:58:31,0.0,2.0,0.0
2024-05-07 15:04:16,0.0,25.0,0.0
2024-05-07 15:12:26,0.0,20.0,0.0
2025-05-07 09:18:18,0.0,30.0,0.0
2025-05-07 12:00:24,25.0,0.0,0.0
2025-05-07 12:27:40,0.0,100.0,0.0
2025-05-07 12:42:15,0.0,30.0,0.0
2022-05-08 10:25:36,0.0,20.0,0.0
2022-05-08 11:24:04,0.0,5.0,0.0
2022-05-08 12:51:00,0.0,50.0,0.0
2022-05-08 12:51:00,0.0,0.0,973.0
2023-05-08 10:11:47,0.0,30.0,0.0
2023-05-08 12:40:40,0.0,5.0,0.0
2023-05-08 16:28:11,500.0,0.0,0.0
2024-05-08 12:46:11,0.0,20.0,0.0
2025-05-08 09:13:01,0.0,100.0,0.0
2025-05-08 12:08:27,0.0,30.0,0.0
2025-05-08 12:26:29,0.0,20.0,0.0
2025-05-08 16:56:34,0.0,100.0,0.0
2025-05-08 17:00:20,0.0,10.0,0.0
2022-05-09 08:37:34,0.0,15.0,0.0
2022-05-09 10:51:35,0.0,7.0,0.0
2022-05-09 11:23:57,0.0,5.0,0.0
2022-05-09 11:29:03,0.0,30.0,0.0
2022-05-09 17:53:42,0.0,10.0,0.0
2022-05-09 17:56:29,0.0,10.0,0.0
2023-05-09 08:43:06,0.0,25.0,0.0
2023-05-09 09:50:29,0.0,20.0,0.0
2023-05-09 09:51:03,0.0,5.0,0.0
2023-05-09 09:59:05,0.0,10.0,0.0
2023-05-09 10:16:35,0.0,50.0,0.0
2023-05-09 13:11:22,0.0,20.0,0.0
2023-05-09 13:12:11,0.0,10.0,0.0
2023-05-09 13:13:02,0.0,30.0,0.0
2023-05-09 13:15:03,0.0,5.0,0.0
2023-05-09 13:30:18,10.0,0.0,0.0
2023-05-09 13:38:06,0.0,10.0,0.0
2023-05-09 13:41:50,10.0,0.0,0.0
2023-05-09 13:46:07,13.0,0.0,0.0
2023-05-09 13:52:08,100.0,0.0,0.0
2024-05-09 09:29:23,0.0,30.0,670.0
2024-05-09 10:38:43,0.0,20.0,650.0
2024-05-09 12:47:36,0.0,40.0,610.0
2024-05-09 13:33:56,0.0,20.0,590.0
2024-05-09 13:39:00,0.0,140.0,450.0
2024-05-09 17:01:07,0.0,20.0,430.0
2023-05-10 08:43:07,0.0,15.0,0.0
2023-05-10 09:21:12,0.0,40.0,0.0
2023-05-10 12:06:16,0.0,36.0,0.0
2023-05-10 12:25:11,36.0,0.0,0.0
2023-05-10 12:33:47,0.0,36.0,0.0
2023-05-10 13:58:37,0.0,50.0,0.0
2022-05-11 09:04:04,0.0,2.0,46.0
2022-05-11 09:08:50,0.0,5.0,41.0
2022-05-11 16:46:15,0.0,15.0,26.0
2022-05-12 09:01:39,0.0,10.0,780.0
2022-05-12 10:41:18,0.0,25.0,755.0
2022-05-12 12:04:43,0.0,75.0,680.0
2022-05-12 12:21:37,0.0,8.0,672.0
2022-05-12 12:37:39,0.0,25.0,647.0
2022-05-12 12:46:37,0.0,15.0,632.0
2022-05-12 16:16:46,0.0,2.0,630.0
2022-05-12 16:17:22,0.0,50.0,580.0
2023-05-12 09:08:27,0.0,30.0,0.0
2023-05-12 09:53:54,0.0,100.0,0.0
2023-05-12 11:58:10,0.0,100.0,0.0
2023-05-12 12:00:14,0.0,5.0,0.0
2023-05-12 12:12:42,0.0,100.0,0.0
2023-05-12 12:12:42,0.0,3.0,0.0
2024-05-12 12:27:33,0.0,5.0,0.0
2024-05-12 13:02:56,0.0,30.0,0.0
2023-06-01 08:43:11,0.0,20.0,361.0
2023-06-01 08:52:16,0.0,25.0,336.0
2023-06-01 09:32:05,0.0,5.0,381.0
2023-06-01 09:35:21,0.0,30.0,206.0
2023-06-01 09:38:26,0.0,10.0,196.0
2023-06-01 10:33:29,0.0,50.0,386.0
2023-06-01 10:53:22,0.0,2.0,193.0
2023-06-01 10:54:30,0.0,1.0,195.0
2023-06-01 10:58:31,0.0,100.0,236.0
2023-06-01 11:22:02,0.0,100.0,93.0
2024-06-01 12:39:35,0.0,26.0,0.0
2024-06-01 17:25:03,0.0,1.0,0.0
2023-06-02 17:13:29,0.0,3.0,24.0
2024-06-02 08:19:19,0.0,1.0,0.0
2024-06-02 08:53:01,0.0,20.0,0.0
2024-06-02 11:14:33,0.0,125.0,0.0
2025-06-02 09:54:00,0.0,50.0,0.0
2025-06-02 11:04:44,0.0,50.0,0.0
2025-06-03 10:51:38,0.0,40.0,0.0
2025-06-03 12:49:38,0.0,23.0,0.0
2023-06-04 11:13:10,0.0,50.0,216.0
2023-06-04 12:48:03,0.0,50.0,166.0
2023-06-04 13:07:22,0.0,10.0,156.0
2023-06-04 13:22:51,0.0,50.0,106.0
2023-06-04 13:56:38,50.0,0.0,106.0
2023-06-04 13:58:44,0.0,50.0,56.0
2024-06-04 09:38:40,0.0,20.0,0.0
2024-06-04 10:59:01,0.0,30.0,0.0
2024-06-04 14:43:15,0.0,100.0,0.0
2024-06-04 17:26:04,0.0,50.0,0.0
2023-06-05 09:11:07,0.0,30.0,227.0
2023-06-05 13:37:16,0.0,50.0,154.0
2024-06-05 14:32:09,0.0,2.0,0.0
2024-06-05 15:32:48,0.0,50.0,0.0
2024-06-05 15:47:04,0.0,30.0,0.0
2024-06-05 16:07:52,0.0,3.0,0.0
2024-06-05 16:24:34,0.0,10.0,0.0
2024-06-05 16:33:59,0.0,20.0,0.0
2023-06-06 10:09:33,0.0,5.0,432.0
2023-06-06 10:11:59,0.0,2.0,430.0
2023-06-06 10:13:24,0.0,2.0,428.0
2023-06-06 10:23:17,0.0,100.0,323.0
2023-06-06 11:51:06,0.0,5.0,423.0
2023-06-06 13:23:21,0.0,1.0,222.0
2023-06-06 13:43:32,0.0,50.0,273.0
2023-06-06 13:45:23,0.0,20.0,253.0
2023-06-06 13:48:57,0.0,30.0,223.0
2024-06-06 09:54:45,0.0,30.0,0.0
2025-06-06 11:43:53,0.0,20.0,0.0
2023-06-07 12:31:54,0.0,15.0,1718.0
2023-06-07 13:43:30,0.0,5.0,1713.0
2023-06-07 16:25:00,0.0,4.0,1709.0
2023-06-07 16:27:33,0.0,5.0,1704.0
2024-06-07 08:46:33,0.0,100.0,0.0
2024-06-07 10:32:41,0.0,20.0,0.0
2022-06-08 10:38:06,0.0,1.0,872.0
2022-06-08 10:38:06,0.0,100.0,873.0
2022-06-08 13:03:00,0.0,2.0,864.0
2022-06-08 13:07:22,0.0,2.0,866.0
2022-06-08 13:14:56,0.0,2.0,868.0
2022-06-08 13:18:29,0.0,2.0,870.0
2022-06-08 13:24:38,0.0,1.0,0.0
2022-06-08 13:27:10,0.0,3.0,0.0
2022-06-08 13:35:28,0.0,25.0,839.0
2022-06-08 13:51:07,0.0,1.0,836.0
2022-06-08 13:55:28,0.0,2.0,837.0
2024-06-08 09:35:24,0.0,20.0,0.0
2024-06-08 09:40:39,0.0,20.0,0.0
2024-06-08 10:24:31,0.0,20.0,0.0
2024-06-08 11:04:55,0.0,88.0,0.0
2024-06-08 11:31:05,0.0,100.0,0.0
2024-06-08 11:31:05,0.0,1.0,0.0
2024-06-08 11:55:49,0.0,200.0,0.0
2024-06-08 11:55:49,0.0,2.0,0.0
2024-06-08 14:05:29,0.0,20.0,0.0
2024-06-08 16:29:30,0.0,100.0,0.0
2024-06-08 17:30:42,0.0,20.0,0.0
2025-06-08 10:17:07,0.0,25.0,0.0
2025-06-08 10:37:10,35.0,0.0,0.0
2025-06-08 10:42:55,26.0,0.0,0.0
2025-06-08 11:36:58,0.0,20.0,0.0
2022-06-09 08:30:54,299.0,0.0,0.0
2022-06-09 11:21:11,150.0,0.0,0.0
2022-06-09 12:05:46,0.0,5.0,0.0
2022-06-09 12:10:22,0.0,6.0,0.0
2022-06-09 12:38:34,0.0,10.0,0.0
2022-06-09 13:11:30,0.0,15.0,0.0
2022-06-09 13:51:06,0.0,1.0,0.0
2022-06-09 13:56:57,0.0,3.0,0.0
2022-06-09 13:59:56,0.0,1.0,0.0
2022-06-09 16:58:25,0.0,250.0,0.0
2022-06-09 16:58:25,0.0,3.0,0.0
2023-06-09 08:59:33,0.0,100.0,0.0
2023-06-09 11:11:16,0.0,5.0,0.0
2023-06-09 11:11:41,0.0,10.0,0.0
2023-06-09 11:12:02,0.0,3.0,0.0
2023-06-09 11:12:27,0.0,10.0,0.0
2023-06-09 11:12:57,0.0,5.0,0.0
2023-06-09 11:13:31,0.0,5.0,0.0
2023-06-09 11:14:43,0.0,5.0,0.0
2023-06-09 11:15:24,0.0,2.0,0.0
2023-06-09 11:15:56,0.0,2.0,0.0
2024-06-09 11:32:26,0.0,20.0,410.0
2024-06-09 12:09:07,0.0,200.0,210.0
2024-06-09 12:09:07,0.0,2.0,208.0
2024-06-09 14:29:14,0.0,5.0,203.0
2024-06-09 14:35:05,0.0,1.0,202.0
2024-06-09 14:49:34,0.0,20.0,182.0
2024-06-09 15:01:14,0.0,20.0,162.0
2024-06-09 15:04:11,0.0,20.0,142.0
2022-06-10 08:23:27,0.0,15.0,1588.0
2022-06-10 09:42:25,0.0,20.0,1568.0
2022-06-10 10:29:04,0.0,20.0,1548.0
2022-06-10 10:35:22,0.0,10.0,1538.0
2022-06-10 10:48:46,0.0,10.0,1528.0
2022-06-10 14:49:42,0.0,2.0,1526.0
2022-06-10 14:53:23,0.0,20.0,1506.0
2022-06-10 14:54:40,0.0,2.0,1504.0
2023-06-10 09:28:22,0.0,20.0,0.0
2023-06-10 14:01:57,0.0,30.0,0.0
2023-06-10 14:06:09,0.0,10.0,0.0
2023-06-10 14:08:21,0.0,15.0,0.0
2023-06-11 09:20:59,0.0,0.0,0.0
2023-06-11 10:24:04,0.0,3.0,0.0
2023-06-11 10:24:04,0.0,100.0,0.0
2024-06-11 09:46:17,0.0,23.0,0.0
2022-06-12 08:54:46,0.0,20.0,560.0
2022-06-12 09:55:25,0.0,2.0,558.0
2022-06-12 10:40:48,0.0,50.0,508.0
2022-06-12 10:44:33,0.0,50.0,458.0
2022-06-12 13:13:17,0.0,1.0,457.0
2022-06-12 13:15:52,0.0,2.0,455.0
2022-06-12 13:22:54,0.0,1.0,454.0
2022-06-12 13:27:17,0.0,3.0,451.0
2022-06-12 13:42:02,0.0,2.0,449.0
2022-06-12 16:04:44,0.0,4.0,435.0
2022-06-12 16:07:57,0.0,10.0,439.0
2023-06-12 14:00:07,0.0,3.0,0.0
2023-06-12 14:00:07,0.0,100.0,0.0
2024-07-02 14:08:54,0.0,10.0,0.0
2025-07-02 08:49:43,0.0,50.0,0.0
2025-07-02 10:13:09,0.0,50.0,0.0
2024-07-03 09:30:59,0.0,25.0,0.0
2024-07-03 09:38:33,0.0,15.0,0.0
2024-07-03 10:56:36,0.0,40.0,0.0
2024-07-03 12:46:54,0.0,5.0,0.0
2024-07-03 13:04:12,0.0,15.0,0.0
2024-07-03 13:12:24,0.0,30.0,0.0
2023-07-04 09:20:24,0.0,30.0,61.0
2023-07-04 11:24:35,0.0,15.0,91.0
2023-07-04 11:28:08,0.0,30.0,31.0
2023-07-04 11:36:25,0.0,15.0,16.0
2025-07-04 17:28:37,0.0,250.0,0.0
2025-07-04 17:40:09,0.0,1.0,0.0
2024-07-05 09:25:01,0.0,20.0,0.0
2024-07-05 10:27:54,0.0,10.0,0.0
2024-07-05 11:18:15,0.0,10.0,0.0
2024-07-05 11:40:06,0.0,30.0,0.0
2024-07-05 12:13:41,0.0,2.0,0.0
2024-07-05 12:21:42,0.0,2.0,0.0
2024-07-05 12:23:19,0.0,3.0,0.0
2024-07-05 13:24:08,0.0,50.0,0.0
2024-07-05 14:11:53,0.0,75.0,0.0
2023-07-06 08:42:34,0.0,20.0,202.0
2023-07-06 10:54:07,0.0,30.0,172.0
2024-07-06 14:02:10,0.0,10.0,0.0
2024-07-06 14:37:54,0.0,20.0,0.0
2023-07-07 08:42:54,0.0,20.0,1684.0
2023-07-07 10:34:11,0.0,30.0,1654.0
2023-07-07 11:16:28,0.0,7.0,1647.0
2023-07-07 12:52:15,0.0,100.0,1547.0
2023-07-07 17:47:48,0.0,3.0,1506.0
2023-07-07 17:48:27,0.0,4.0,1509.0
2023-07-07 17:49:00,0.0,5.0,1513.0
2023-07-07 17:52:29,0.0,2.0,1518.0
2025-07-07 09:50:16,30.0,0.0,0.0
2025-07-07 10:46:44,0.0,4.0,0.0
2025-07-07 10:57:32,0.0,5.0,0.0
2025-07-07 11:48:46,0.0,50.0,0.0
2025-07-07 13:47:11,0.0,10.0,0.0
2025-07-07 13:54:48,0.0,50.0,0.0
2025-07-07 14:02:52,0.0,10.0,0.0
2025-07-07 14:07:57,0.0,25.0,0.0
2025-07-07 14:39:58,0.0,2.0,0.0
2025-07-07 14:41:15,0.0,5.0,0.0
2025-07-07 14:43:49,0.0,1.0,0.0
2023-07-08 12:31:28,0.0,110.0,0.0
2023-07-08 12:40:48,0.0,10.0,0.0
2023-07-08 12:43:07,0.0,5.0,0.0
2023-07-08 13:20:21,0.0,22.0,0.0
2023-07-08 15:55:22,0.0,5.0,0.0
2023-07-08 16:29:18,0.0,100.0,0.0
2024-07-08 08:38:44,0.0,40.0,0.0
2024-07-08 09:15:12,0.0,80.0,0.0
2024-07-08 10:30:11,0.0,20.0,0.0
2024-07-08 10:40:47,0.0,20.0,0.0
2025-07-08 08:18:30,0.0,10.0,0.0
2025-07-08 08:26:14,0.0,10.0,0.0
2025-07-08 08:34:05,0.0,25.0,0.0
2025-07-08 09:33:04,0.0,3.0,0.0
2025-07-08 09:51:15,0.0,2.0,0.0
2025-07-08 09:56:05,0.0,8.0,0.0
2025-07-08 10:55:23,0.0,1.0,0.0
2025-07-08 11:12:48,0.0,30.0,0.0
2025-07-08 12:51:46,0.0,10.0,0.0
2025-07-08 12:58:23,0.0,100.0,0.0
2025-07-08 15:16:43,0.0,5.0,0.0
2022-07-09 07:57:55,150.0,0.0,0.0
2022-07-09 07:59:41,449.0,0.0,0.0
2022-07-09 08:09:55,250.0,0.0,0.0
2022-07-09 08:17:20,1.0,0.0,0.0
2022-07-09 08:25:20,0.0,20.0,0.0
2022-07-09 08:37:32,296.0,0.0,0.0
2022-07-09 10:27:09,0.0,20.0,0.0
2022-07-09 10:53:04,0.0,10.0,0.0
2022-07-09 10:56:47,0.0,2.0,0.0
2022-07-09 11:24:53,0.0,20.0,0.0
2022-07-09 12:14:29,0.0,5.0,0.0
2022-07-09 12:25:49,0.0,100.0,0.0
2022-07-09 15:01:52,0.0,50.0,0.0
2022-07-09 15:29:27,0.0,15.0,0.0
2023-07-09 08:51:19,0.0,20.0,0.0
2023-07-09 10:35:32,0.0,10.0,0.0
2023-07-09 15:31:49,0.0,50.0,0.0
2023-07-09 16:03:54,0.0,30.0,0.0
2024-07-09 08:52:12,0.0,20.0,122.0
2024-07-09 09:02:44,0.0,100.0,0.0
2024-07-09 10:13:50,0.0,20.0,0.0
2022-07-10 13:28:31,0.0,100.0,1404.0
2023-07-10 09:38:54,0.0,1.0,0.0
2023-07-10 09:38:54,0.0,100.0,0.0
2024-07-10 11:33:27,0.0,30.0,1190.0
2023-07-11 08:36:40,0.0,20.0,0.0
2024-07-11 17:19:41,0.0,0.0,0.0
2022-07-12 12:45:21,0.0,50.0,360.0
2022-07-12 12:53:14,0.0,15.0,420.0
2022-07-12 12:55:43,0.0,10.0,410.0
2022-07-12 13:17:20,0.0,5.0,355.0
2022-07-12 13:22:27,0.0,5.0,350.0
2022-07-12 13:43:22,0.0,25.0,325.0
2023-07-12 09:43:26,0.0,1.0,0.0
2023-07-12 09:46:08,0.0,2.0,0.0
2023-07-12 09:47:27,0.0,1.0,0.0
2023-07-12 10:56:19,0.0,50.0,0.0
2024-07-12 16:46:43,2.0,0.0,0.0
2024-07-12 16:49:30,0.0,5.0,0.0
2024-07-12 16:51:51,0.0,2.0,0.0
2024-08-01 11:09:18,0.0,25.0,0.0
2024-08-02 10:25:26,0.0,40.0,0.0
2025-08-02 09:01:38,0.0,70.0,0.0
2025-08-02 13:32:34,0.0,100.0,0.0
2025-08-02 15:22:59,0.0,50.0,0.0
2024-08-03 09:26:48,0.0,5.0,0.0
2024-08-03 09:26:48,0.0,400.0,0.0
2024-08-03 09:30:34,0.0,15.0,0.0
2025-08-03 13:06:59,0.0,30.0,0.0
2025-08-03 15:02:17,0.0,14.0,0.0
2024-08-04 10:13:10,0.0,100.0,0.0
2024-08-04 10:34:01,0.0,30.0,0.0
2024-08-04 12:15:08,0.0,10.0,0.0
2024-08-04 12:22:58,0.0,5.0,0.0
2024-08-04 12:29:37,0.0,25.0,0.0
2024-08-04 12:31:35,0.0,15.0,0.0
2024-08-04 12:37:22,0.0,3.0,0.0
2024-08-04 12:39:40,0.0,2.0,0.0
2024-08-04 12:43:31,0.0,1.0,0.0
2024-08-04 13:15:28,0.0,10.0,0.0
2024-08-04 14:17:43,0.0,3.0,0.0
2025-08-04 09:24:43,0.0,50.0,0.0
2025-08-04 10:26:08,0.0,75.0,0.0
2025-08-04 10:33:34,0.0,50.0,0.0
2025-08-04 10:40:27,0.0,9.0,0.0
2023-08-05 08:19:52,0.0,4.0,261.0
2023-08-05 08:22:18,0.0,2.0,259.0
2023-08-05 08:24:18,0.0,2.0,257.0
2023-08-05 08:25:22,0.0,3.0,224.0
2023-08-05 08:26:17,0.0,3.0,221.0
2023-08-05 08:27:14,0.0,15.0,206.0
2023-08-05 08:28:09,0.0,2.0,204.0
2023-08-05 08:31:06,0.0,15.0,139.0
2023-08-05 12:47:13,0.0,20.0,119.0
2023-08-05 12:56:38,0.0,10.0,109.0
2023-08-05 14:00:46,10.0,0.0,119.0
2023-08-05 14:02:11,0.0,10.0,109.0
2023-08-05 16:45:07,0.0,34.0,75.0
2024-08-05 08:24:40,0.0,10.0,0.0
2024-08-05 08:56:41,0.0,1.0,0.0
2024-08-05 13:31:48,0.0,100.0,0.0
2025-08-05 08:34:54,1000.0,0.0,0.0
2025-08-05 08:47:06,0.0,200.0,0.0
2025-08-05 09:05:26,0.0,50.0,0.0
2025-08-05 10:25:13,200.0,0.0,0.0
2025-08-05 10:30:07,0.0,200.0,0.0
2025-08-05 10:35:01,0.0,5.0,0.0
2025-08-05 10:47:38,0.0,41.0,0.0
2025-08-05 10:49:19,0.0,100.0,0.0
2025-08-05 11:02:18,0.0,100.0,0.0
2025-08-05 11:02:46,0.0,50.0,0.0
2025-08-05 12:22:53,0.0,101.0,0.0
2025-08-05 16:48:16,0.0,100.0,0.0
2023-08-06 09:46:09,0.0,3.0,169.0
2023-08-06 10:53:44,0.0,5.0,149.0
2023-08-06 11:34:38,0.0,5.0,154.0
2023-08-06 11:45:25,0.0,10.0,159.0
2024-08-06 11:16:41,0.0,30.0,0.0
2024-08-06 11:35:17,0.0,15.0,0.0
2024-08-06 16:12:07,0.0,50.0,0.0
2023-08-07 08:46:32,0.0,25.0,1522.0
2023-08-07 09:01:22,0.0,2.0,1520.0
2023-08-07 09:09:29,0.0,15.0,1491.0
2023-08-07 10:53:13,0.0,5.0,1476.0
2023-08-07 10:55:55,0.0,7.0,1481.0
2023-08-07 10:56:30,0.0,3.0,1488.0
2023-08-07 11:09:12,0.0,10.0,1436.0
2023-08-07 11:10:44,0.0,30.0,1446.0
2023-08-07 17:29:12,0.0,5.0,1431.0
2024-08-07 09:20:29,0.0,20.0,0.0
2024-08-07 13:07:14,0.0,20.0,0.0
2024-08-07 13:09:42,0.0,3.0,0.0
2024-08-07 13:13:03,0.0,2.0,0.0
2024-08-07 13:16:47,0.0,5.0,0.0
2024-08-07 15:05:02,0.0,15.0,0.0
2025-08-07 09:17:59,0.0,100.0,0.0
2025-08-07 10:20:08,0.0,20.0,0.0
2025-08-07 10:48:45,0.0,5.0,0.0
2025-08-07 10:54:23,0.0,1.0,0.0
2025-08-07 11:47:13,0.0,30.0,0.0
2025-08-07 11:57:54,0.0,25.0,0.0
2025-08-07 11:59:05,0.0,5.0,0.0
2025-08-07 12:37:26,0.0,100.0,0.0
2022-08-08 12:20:21,0.0,30.0,705.0
2023-08-08 11:12:57,0.0,15.0,0.0
2023-08-08 11:20:11,0.0,5.0,0.0
2023-08-08 12:37:35,0.0,5.0,0.0
2024-08-08 10:33:45,0.0,20.0,0.0
2025-08-08 10:18:42,0.0,15.0,0.0
2025-08-08 11:40:33,0.0,50.0,0.0
2022-08-09 09:33:11,0.0,7.0,0.0
2022-08-09 09:44:18,0.0,5.0,0.0
2022-08-09 10:05:16,0.0,3.0,0.0
2022-08-09 10:11:06,0.0,2.0,0.0
2022-08-09 13:02:20,0.0,2.0,0.0
2022-08-09 14:19:07,4.0,0.0,0.0
2022-08-09 14:46:27,0.0,25.0,0.0
2022-08-09 14:48:17,0.0,2.0,0.0
2022-08-09 15:14:28,0.0,5.0,0.0
2022-08-09 15:24:43,0.0,15.0,0.0
2022-08-09 15:44:44,147.0,0.0,0.0
2022-08-09 15:49:18,249.0,0.0,0.0
2022-08-09 16:33:29,1.0,0.0,0.0
2023-08-09 11:51:40,0.0,1.0,0.0
2022-08-10 08:42:31,0.0,10.0,1394.0
2022-08-10 09:10:13,0.0,100.0,1294.0
2022-08-10 09:12:37,0.0,50.0,1244.0
2022-08-10 12:19:53,0.0,20.0,1224.0
2024-08-10 09:51:57,0.0,20.0,1170.0
2024-08-10 11:00:51,0.0,40.0,1130.0
2024-08-10 11:23:43,0.0,70.0,1060.0
2024-08-10 11:44:39,0.0,3.0,1057.0
2024-08-10 11:56:09,0.0,10.0,1047.0
2024-08-10 12:06:39,0.0,2.0,1045.0
2024-08-10 12:23:35,0.0,10.0,1035.0
2024-08-10 12:26:41,0.0,7.0,1028.0
2024-08-10 12:33:33,0.0,1.0,1027.0
2024-08-10 12:39:38,0.0,10.0,1017.0
2024-08-10 12:41:38,0.0,5.0,1012.0
2024-08-10 12:53:26,0.0,15.0,997.0
2024-08-10 12:58:06,0.0,1.0,996.0
2024-08-10 13:13:24,0.0,60.0,936.0
2024-08-10 13:42:56,0.0,100.0,836.0
2024-08-10 14:05:02,0.0,55.0,781.0
2024-08-10 14:14:00,0.0,130.0,651.0
2024-08-10 14:56:46,0.0,25.0,626.0
2024-08-10 15:20:09,0.0,100.0,526.0
2024-08-10 15:22:34,0.0,40.0,486.0
2024-08-10 15:30:26,0.0,20.0,466.0
2024-08-10 16:28:22,0.0,3.0,463.0
2022-08-12 08:40:16,0.0,15.0,310.0
2022-08-12 11:05:34,0.0,5.0,305.0
2022-08-12 11:41:57,0.0,25.0,280.0
2022-08-12 16:32:59,0.0,10.0,270.0
2023-08-12 14:42:46,0.0,20.0,0.0
2023-08-12 17:14:50,0.0,0.0,0.0
2023-09-01 09:02:41,0.0,30.0,63.0
2023-09-01 10:55:07,0.0,20.0,43.0
2023-09-01 12:24:51,0.0,3.0,40.0
2023-09-01 12:31:38,0.0,10.0,30.0
2023-09-01 12:43:11,0.0,10.0,20.0
2024-09-01 08:20:13,0.0,170.0,0.0
2024-09-01 08:20:13,0.0,5.0,0.0
2024-09-01 08:36:26,0.0,100.0,0.0
2024-09-01 08:36:26,0.0,3.0,0.0
2024-09-01 10:06:30,0.0,15.0,0.0
2024-09-01 11:19:00,0.0,3.0,0.0
2024-09-01 11:19:00,0.0,100.0,0.0
2024-09-01 11:25:18,0.0,30.0,0.0
2024-09-01 12:00:38,0.0,24.0,0.0
2024-09-01 16:59:22,0.0,3.0,0.0
2024-09-01 16:59:22,0.0,100.0,0.0
2024-09-03 10:08:14,0.0,20.0,0.0
2024-09-04 08:55:18,0.0,30.0,0.0
2024-09-04 15:17:52,0.0,5.0,0.0
2024-09-04 15:21:17,0.0,2.0,0.0
2023-09-05 09:35:19,0.0,20.0,55.0
2023-09-05 09:37:03,0.0,5.0,50.0
2023-09-05 10:13:37,0.0,16.0,32.0
2023-09-05 12:24:55,0.0,50.0,-20.0
2023-09-05 12:30:55,400.0,0.0,380.0
2023-09-05 13:11:35,0.0,20.0,360.0
2023-09-05 13:23:39,0.0,5.0,355.0
2023-09-05 13:34:44,0.0,4.0,351.0
2023-09-05 13:39:46,0.0,10.0,341.0
2023-09-05 13:46:29,0.0,5.0,336.0
2023-09-05 13:51:05,0.0,2.0,48.0
2023-09-05 14:09:28,0.0,20.0,316.0
2023-09-05 14:14:59,0.0,2.0,30.0
2023-09-05 14:23:53,0.0,50.0,266.0
2023-09-05 16:11:53,300.0,0.0,566.0
2024-09-05 08:51:38,0.0,5.0,0.0
2024-09-05 09:34:26,0.0,30.0,0.0
2025-09-05 10:10:59,0.0,100.0,0.0
2025-09-05 10:19:56,0.0,2.0,0.0
2025-09-05 14:34:38,0.0,100.0,0.0
2023-09-06 09:58:54,0.0,10.0,139.0
2023-09-06 10:53:31,0.0,20.0,114.0
2023-09-06 11:08:38,0.0,1.0,113.0
2023-09-06 11:12:13,0.0,20.0,87.0
2023-09-06 11:25:55,0.0,5.0,108.0
2023-09-06 11:29:29,0.0,1.0,107.0
2023-09-06 13:09:34,0.0,5.0,134.0
2023-09-06 13:10:48,0.0,4.0,83.0
2023-09-06 13:12:09,0.0,3.0,80.0
2023-09-06 13:16:20,0.0,1.0,79.0
2023-09-06 15:16:53,0.0,5.0,69.0
2025-09-06 09:58:15,0.0,5.0,0.0
2025-09-06 10:06:16,0.0,1.0,0.0
2025-09-06 10:12:45,0.0,60.0,0.0
2025-09-06 11:17:04,0.0,50.0,0.0
2025-09-06 13:41:19,0.0,30.0,0.0
2024-09-07 08:17:55,0.0,1.0,0.0
2024-09-07 16:43:37,0.0,24.0,0.0
2025-09-07 09:05:07,0.0,30.0,0.0
2025-09-07 09:21:00,0.0,1.0,0.0
2025-09-07 14:22:15,0.0,5.0,0.0
2022-09-08 08:34:38,0.0,20.0,685.0
2022-09-08 14:10:35,0.0,1.0,583.0
2022-09-08 14:15:03,0.0,8.0,575.0
2023-09-08 08:57:07,0.0,33.0,0.0
2023-09-08 10:42:24,13.0,0.0,0.0
2023-09-08 11:35:41,0.0,15.0,0.0
2023-09-08 12:07:45,0.0,20.0,0.0
2023-09-08 12:50:08,0.0,5.0,0.0
2023-09-08 13:24:49,0.0,4.0,0.0
2023-09-08 13:26:24,0.0,20.0,0.0
2023-09-08 16:50:03,0.0,5.0,0.0
2023-09-08 16:50:31,0.0,10.0,0.0
2023-09-08 16:51:44,0.0,5.0,0.0
2023-09-08 16:52:53,0.0,20.0,0.0
2024-09-08 09:17:36,0.0,2.0,0.0
2024-09-08 09:26:27,0.0,2.0,0.0
2024-09-08 11:31:44,0.0,1.0,0.0
2024-09-08 16:18:26,56.0,0.0,0.0
2024-09-08 16:25:59,20.0,0.0,0.0
2024-09-08 16:28:38,80.0,0.0,0.0
2024-09-08 16:32:23,0.0,614.0,0.0
2024-09-08 16:35:15,500.0,0.0,0.0
2024-09-08 16:36:19,0.0,100.0,0.0
2024-09-08 16:39:27,0.0,80.0,0.0
2024-09-08 16:41:51,0.0,55.0,0.0
2025-09-08 10:09:35,0.0,30.0,0.0
2025-09-08 10:24:27,0.0,12.0,0.0
2025-09-08 10:43:02,0.0,30.0,0.0
2025-09-08 11:02:23,0.0,10.0,0.0
2025-09-08 12:31:56,0.0,10.0,0.0
2022-09-09 11:00:37,0.0,20.0,0.0
2022-09-09 11:36:41,0.0,50.0,0.0
2022-09-09 11:38:34,0.0,1.0,0.0
2022-09-09 11:41:34,0.0,3.0,0.0
2022-09-09 13:08:20,0.0,1.0,0.0
2022-09-09 13:11:09,0.0,5.0,0.0
2022-09-09 13:43:57,0.0,2.0,0.0
2022-09-09 13:45:01,0.0,10.0,0.0
2022-09-09 13:49:54,0.0,1.0,0.0
2022-09-09 13:51:15,0.0,2.0,0.0
2022-09-09 15:54:07,1.0,0.0,0.0
2022-09-09 15:56:48,3.0,0.0,0.0
2022-09-09 15:57:45,0.0,10.0,0.0
2022-09-09 17:03:35,0.0,5.0,0.0
2022-09-09 17:04:42,0.0,15.0,0.0
2022-09-09 17:08:54,0.0,100.0,0.0
2022-09-09 17:14:20,0.0,25.0,0.0
2022-09-09 17:17:00,0.0,10.0,0.0
2022-09-09 17:20:33,0.0,150.0,0.0
2022-09-09 17:21:21,0.0,5.0,0.0
2022-09-09 17:23:17,0.0,50.0,0.0
2022-09-09 17:26:01,0.0,5.0,0.0
2022-09-09 17:27:31,0.0,13.0,0.0
2022-09-09 17:36:22,0.0,30.0,0.0
2022-09-09 17:43:35,0.0,50.0,0.0
2022-09-09 17:45:14,0.0,200.0,0.0
2023-09-09 08:46:47,0.0,15.0,0.0
2023-09-09 10:52:00,0.0,1.0,0.0
2023-09-09 10:52:00,0.0,100.0,0.0
2023-09-09 10:54:03,0.0,20.0,0.0
2023-09-09 13:48:12,0.0,17.0,0.0
2023-09-09 15:50:38,0.0,20.0,0.0
2024-09-09 13:38:31,498.0,0.0,500.0
2024-09-09 13:39:07,0.0,60.0,440.0
2024-09-09 13:42:04,0.0,60.0,380.0
2024-09-09 13:57:26,0.0,5.0,375.0
2024-09-09 15:46:23,0.0,120.0,255.0
2022-09-10 13:50:44,0.0,20.0,1190.0
2023-09-10 08:38:03,0.0,5.0,0.0
2023-09-10 09:04:34,0.0,25.0,0.0
2023-09-10 09:06:17,0.0,5.0,0.0
2023-09-10 09:26:21,0.0,30.0,0.0
2024-09-10 08:46:00,0.0,25.0,438.0
2024-09-10 10:31:03,0.0,10.0,428.0
2024-09-10 10:37:29,0.0,1.0,427.0
2024-09-10 10:55:19,0.0,4.0,423.0
2024-09-10 10:57:58,0.0,250.0,173.0
2024-09-10 11:34:35,0.0,20.0,153.0
2024-09-10 12:10:01,0.0,20.0,133.0
2022-09-12 08:39:57,0.0,20.0,250.0
2022-09-12 10:41:54,0.0,100.0,144.0
2022-09-12 10:44:53,0.0,3.0,247.0
2022-09-12 10:46:17,0.0,3.0,244.0
2022-09-12 11:01:02,0.0,3.0,141.0
2022-09-12 12:27:33,0.0,1.0,140.0
2022-09-12 12:38:02,0.0,3.0,137.0
2022-09-12 12:42:36,0.0,5.0,132.0
2023-10-01 10:24:20,0.0,17.0,3.0
2023-10-01 13:57:51,250.0,0.0,253.0
2023-10-01 16:10:54,450.0,0.0,703.0
2023-10-01 17:34:20,0.0,30.0,673.0
2024-10-01 09:43:39,0.0,30.0,0.0
2024-10-01 10:44:21,25.0,0.0,0.0
2024-10-01 11:48:12,0.0,1.0,0.0
2024-10-01 11:48:12,0.0,30.0,0.0
2024-10-01 11:49:22,0.0,30.0,0.0
2024-10-01 11:49:22,0.0,1.0,0.0
2024-10-01 11:51:01,0.0,1.0,0.0
2024-10-01 11:51:01,0.0,30.0,0.0
2024-10-01 12:37:22,0.0,1.0,0.0
2024-10-01 13:41:13,0.0,18.0,0.0
2024-10-01 13:41:13,0.0,0.0,0.0
2023-10-02 09:00:15,0.0,11.0,13.0
2023-10-02 09:19:05,3.0,0.0,16.0
2024-10-02 08:33:19,0.0,30.0,0.0
2024-10-02 12:49:19,0.0,2.0,0.0
2024-10-04 14:22:49,0.0,2.0,0.0
2024-10-04 15:47:21,0.0,15.0,0.0
2024-10-04 16:09:07,0.0,5.0,0.0
2025-10-04 08:54:49,500.0,0.0,0.0
2025-10-04 09:16:07,0.0,170.0,0.0
2025-10-04 11:20:06,0.0,25.0,0.0
2025-10-04 11:31:02,0.0,25.0,0.0
2025-10-04 12:04:48,0.0,50.0,0.0
2025-10-04 12:43:55,250.0,0.0,0.0
2025-10-04 13:00:59,0.0,10.0,0.0
2025-10-04 13:15:55,0.0,2.0,0.0
2025-10-04 14:00:39,0.0,50.0,0.0
2025-10-04 14:04:51,0.0,2.0,0.0
2025-10-04 14:06:48,0.0,10.0,0.0
2025-10-04 14:11:49,0.0,20.0,0.0
2023-10-05 08:36:17,0.0,20.0,546.0
2023-10-05 10:01:00,0.0,10.0,536.0
2023-10-05 10:06:25,0.0,10.0,526.0
2023-10-05 15:27:33,150.0,0.0,676.0
2023-10-05 16:45:09,0.0,50.0,626.0
2025-10-05 08:45:10,200.0,0.0,0.0
2025-10-05 09:02:59,200.0,0.0,0.0
2025-10-05 10:49:50,0.0,30.0,0.0
2025-10-05 11:23:24,0.0,2.0,0.0
2025-10-05 16:07:21,0.0,300.0,0.0
2023-10-06 15:20:20,0.0,5.0,74.0
2024-10-06 10:23:28,0.0,5.0,0.0
2024-10-06 10:32:46,0.0,0.0,0.0
2025-10-06 09:35:00,0.0,150.0,0.0
2025-10-06 10:04:16,0.0,30.0,0.0
2025-10-06 11:12:07,0.0,20.0,0.0
2025-10-06 11:31:15,0.0,15.0,0.0
2023-10-07 09:45:16,0.0,50.0,1381.0
2024-10-07 09:03:01,0.0,30.0,0.0
2024-10-07 10:21:13,0.0,15.0,0.0
2024-10-07 10:26:33,0.0,10.0,0.0
2024-10-07 11:07:26,0.0,25.0,0.0
2024-10-07 12:03:05,0.0,5.0,0.0
2022-10-08 09:37:50,0.0,1.0,735.0
2022-10-08 09:37:50,0.0,100.0,736.0
2022-10-08 10:42:12,0.0,1.0,584.0
2022-10-08 10:42:12,0.0,100.0,585.0
2023-10-08 09:40:36,0.0,15.0,0.0
2023-10-08 09:44:00,0.0,15.0,0.0
2023-10-08 10:54:58,3.0,0.0,0.0
2023-10-08 12:00:30,0.0,10.0,0.0
2023-10-08 12:23:56,0.0,5.0,0.0
2023-10-08 12:29:48,0.0,4.0,0.0
2023-10-08 12:30:18,0.0,15.0,0.0
2023-10-08 12:30:43,0.0,4.0,0.0
2023-10-08 12:32:56,0.0,30.0,0.0
2023-10-08 12:34:51,0.0,5.0,0.0
2023-10-08 12:35:03,0.0,10.0,0.0
2023-10-08 12:35:37,0.0,10.0,0.0
2023-10-08 12:36:21,0.0,10.0,0.0
2023-10-08 12:40:04,0.0,50.0,0.0
2023-10-08 12:45:05,0.0,3.0,0.0
2023-10-08 13:04:51,0.0,15.0,0.0
2023-10-08 13:06:04,0.0,5.0,0.0
2023-10-08 13:24:06,0.0,5.0,0.0
2023-10-08 13:24:42,0.0,25.0,0.0
2023-10-08 13:25:54,0.0,1.0,0.0
2023-10-08 13:26:27,0.0,2.0,0.0
2023-10-08 13:55:07,0.0,10.0,0.0
2023-10-08 14:05:59,0.0,5.0,0.0
2023-10-08 14:42:20,0.0,5.0,0.0
2023-10-08 14:42:55,0.0,1.0,0.0
2023-10-08 14:43:27,0.0,20.0,0.0
2023-10-08 15:04:21,0.0,5.0,0.0
2023-10-08 15:06:39,0.0,35.0,0.0
2023-10-08 15:07:13,0.0,2.0,0.0
2023-10-08 15:09:18,0.0,5.0,0.0
2023-10-08 15:15:31,0.0,5.0,0.0
2024-10-08 08:42:57,0.0,20.0,0.0
2024-10-08 08:43:43,0.0,40.0,0.0
2024-10-08 08:51:49,0.0,30.0,0.0
2024-10-08 11:26:35,0.0,20.0,0.0
2024-10-08 11:28:30,0.0,1.0,0.0
2024-10-08 11:32:41,0.0,31.0,0.0
2024-10-08 11:35:48,0.0,2.0,0.0
2024-10-08 11:37:45,0.0,2.0,0.0
2024-10-08 11:40:34,0.0,20.0,0.0
2024-10-08 14:03:36,500.0,0.0,0.0
2024-10-08 17:23:04,0.0,20.0,0.0
2022-10-09 09:20:34,0.0,100.0,0.0
2022-10-09 16:19:01,248.0,0.0,0.0
2024-10-09 09:04:30,1000.0,0.0,1255.0
2024-10-09 09:32:22,0.0,2.0,853.0
2024-10-09 09:32:22,0.0,400.0,855.0
2024-10-09 09:35:17,0.0,185.0,668.0
2024-10-09 09:44:44,0.0,2.0,666.0
2024-10-09 09:53:33,0.0,200.0,466.0
2024-10-09 10:05:38,0.0,20.0,446.0
2024-10-09 10:31:45,0.0,40.0,406.0
2024-10-09 17:06:44,0.0,20.0,386.0
2024-10-09 17:08:47,0.0,2.0,384.0
2024-10-09 17:13:30,0.0,40.0,344.0
2022-10-10 10:00:04,0.0,3.0,1221.0
2022-10-10 10:05:08,0.0,3.0,1218.0
2022-10-10 10:05:57,0.0,1.0,1217.0
2022-10-10 10:09:32,0.0,5.0,1212.0
2022-10-10 10:10:35,0.0,2.0,1210.0
2022-10-10 11:09:40,0.0,20.0,1170.0
2022-10-10 11:35:05,0.0,50.0,1120.0
2022-10-10 11:39:46,0.0,20.0,1100.0
2022-10-10 11:55:30,0.0,5.0,1095.0
2022-10-10 12:00:46,0.0,2.0,1093.0
2022-10-10 12:08:07,0.0,15.0,1078.0
2022-10-10 13:50:32,2.0,0.0,1080.0
2022-10-10 14:24:52,0.0,15.0,1065.0
2022-10-10 14:32:21,0.0,30.0,1035.0
2022-10-10 14:35:22,0.0,10.0,1025.0
2022-10-10 17:24:54,0.0,25.0,1000.0
2023-10-10 08:44:07,0.0,2.0,0.0
2023-10-10 08:45:19,0.0,3.0,0.0
2023-10-10 08:47:17,0.0,3.0,0.0
2023-10-10 08:48:07,0.0,3.0,0.0
2023-10-10 08:49:01,0.0,2.0,0.0
2023-10-10 08:50:23,0.0,1.0,0.0
2023-10-10 08:51:33,0.0,1.0,0.0
2023-10-10 08:52:38,0.0,1.0,0.0
2023-10-10 08:56:17,0.0,25.0,0.0
2023-10-10 12:35:25,0.0,1.0,0.0
2023-10-10 12:35:25,0.0,50.0,0.0
2023-10-10 15:36:35,0.0,3.0,0.0
2023-10-10 15:36:35,0.0,100.0,0.0
2023-10-10 17:07:06,0.0,5.0,0.0
2023-10-10 17:29:28,0.0,2.0,0.0
2023-10-10 17:32:47,0.0,3.0,0.0
2024-10-10 10:52:16,0.0,4.0,129.0
2024-10-10 11:58:53,0.0,1.0,128.0
2022-10-11 08:30:45,1000.0,0.0,1026.0
2022-10-11 08:35:05,0.0,15.0,1011.0
2022-10-11 09:05:29,0.0,100.0,911.0
2022-10-11 10:30:52,0.0,2.0,909.0
2022-10-11 10:40:27,0.0,1.0,908.0
2022-10-11 10:46:45,0.0,2.0,906.0
2022-10-11 11:39:19,0.0,2.0,904.0
2022-10-11 13:42:36,0.0,5.0,899.0
2022-10-11 13:48:17,0.0,20.0,879.0
2022-10-11 13:50:49,0.0,20.0,859.0
2023-10-11 09:07:09,0.0,15.0,0.0
2023-10-11 10:53:05,0.0,100.0,0.0
2023-10-11 10:53:05,0.0,3.0,0.0
2023-10-11 11:54:31,0.0,3.0,0.0
2023-10-11 11:54:31,0.0,100.0,0.0
2023-10-11 12:05:47,0.0,20.0,0.0
2023-10-11 14:38:01,0.0,100.0,0.0
2023-10-11 14:38:01,0.0,3.0,0.0
2023-10-11 15:45:05,0.0,100.0,0.0
2023-10-11 15:45:05,0.0,3.0,0.0
2022-10-12 08:29:19,0.0,20.0,112.0
2022-10-12 09:40:02,0.0,1.0,111.0
2022-10-12 09:40:52,0.0,5.0,106.0
2022-10-12 12:49:09,0.0,9.0,97.0
2023-11-01 08:39:37,300.0,0.0,963.0
2023-11-01 08:50:08,0.0,20.0,943.0
2023-11-01 08:51:14,0.0,10.0,663.0
2023-11-01 11:51:48,0.0,10.0,933.0
2024-11-01 16:53:07,0.0,2.0,0.0
2025-11-01 08:58:14,1000.0,0.0,0.0
2025-11-01 08:59:44,0.0,100.0,0.0
2025-11-01 09:27:57,0.0,50.0,0.0
2025-11-01 09:44:02,0.0,20.0,0.0
2025-11-01 09:45:29,0.0,1.0,0.0
2025-11-01 09:46:41,0.0,1.0,0.0
2025-11-01 09:48:54,0.0,2.0,0.0
2025-11-01 10:22:10,0.0,50.0,0.0
2025-11-01 11:58:38,0.0,100.0,0.0
2025-11-01 12:26:11,0.0,100.0,0.0
2025-11-01 12:49:14,0.0,100.0,0.0
2025-11-01 13:26:07,0.0,76.0,0.0
2025-11-02 08:31:12,0.0,70.0,0.0
2025-11-02 10:22:24,0.0,27.0,0.0
2025-11-02 15:21:21,4.0,0.0,0.0
2024-11-03 11:02:35,0.0,5.0,0.0
2024-11-03 12:50:31,0.0,6.0,0.0
2024-11-03 12:58:14,0.0,100.0,0.0
2024-11-03 13:50:47,0.0,3.0,0.0
2024-11-03 13:50:47,0.0,100.0,0.0
2024-11-04 10:27:38,0.0,30.0,0.0
2024-11-04 11:32:29,0.0,100.0,0.0
2024-11-04 12:53:22,0.0,25.0,0.0
2024-11-04 14:36:29,0.0,10.0,0.0
2024-11-04 14:56:10,0.0,3.0,0.0
2025-11-04 08:58:43,0.0,50.0,0.0
2025-11-04 10:22:05,0.0,3.0,0.0
2025-11-04 10:23:32,0.0,3.0,0.0
2025-11-04 10:39:54,0.0,150.0,0.0
2025-11-04 12:39:56,0.0,10.0,0.0
2025-11-04 14:58:32,0.0,2.0,0.0
2025-11-04 15:32:31,0.0,20.0,0.0
2023-11-05 10:55:07,0.0,5.0,621.0
2023-11-05 11:17:43,0.0,2.0,619.0
2023-11-05 11:21:07,0.0,4.0,615.0
2023-11-05 11:26:37,0.0,2.0,613.0
2023-11-05 16:32:03,0.0,10.0,603.0
2023-11-05 16:36:44,0.0,25.0,578.0
2023-11-05 16:40:41,0.0,50.0,528.0
2023-11-05 16:51:35,0.0,10.0,518.0
2023-11-05 16:58:35,0.0,10.0,508.0
2023-11-05 17:03:49,0.0,5.0,503.0
2024-11-05 10:02:59,0.0,2.0,0.0
2024-11-05 11:42:22,0.0,30.0,0.0
2024-11-06 09:52:51,0.0,15.0,0.0
2024-11-06 10:59:16,0.0,40.0,0.0
2024-11-06 11:24:47,0.0,100.0,0.0
2025-11-06 10:08:25,0.0,30.0,0.0
2025-11-06 12:34:06,0.0,1.0,0.0
2025-11-06 13:01:56,0.0,5.0,0.0
2025-11-06 13:03:29,0.0,3.0,0.0
2025-11-06 13:11:08,0.0,5.0,0.0
2025-11-06 15:01:52,0.0,75.0,0.0
2025-11-06 15:57:22,0.0,5.0,0.0
2023-11-07 09:37:49,0.0,15.0,1346.0
2023-11-07 10:06:51,0.0,20.0,1361.0
2024-11-07 09:39:06,0.0,25.0,0.0
2024-11-07 15:20:45,0.0,5.0,0.0
2024-11-07 16:26:04,0.0,2.0,0.0
2025-11-07 10:25:36,0.0,30.0,0.0
2022-11-08 08:32:19,0.0,15.0,560.0
2022-11-08 10:55:20,0.0,10.0,550.0
2022-11-08 11:00:43,0.0,1.0,549.0
2022-11-08 11:05:41,0.0,5.0,544.0
2022-11-08 11:15:37,0.0,2.0,537.0
2022-11-08 14:23:06,0.0,5.0,532.0
2023-11-08 09:54:49,0.0,50.0,0.0
2023-11-08 10:21:02,0.0,100.0,0.0
2023-11-08 10:47:59,0.0,30.0,0.0
2025-11-08 09:19:30,0.0,100.0,0.0
2025-11-08 10:15:12,0.0,10.0,0.0
2025-11-08 12:40:05,0.0,2.0,0.0
2025-11-08 12:53:39,0.0,2.0,0.0
2025-11-08 13:05:29,0.0,50.0,0.0
2023-11-09 08:40:52,0.0,5.0,0.0
2023-11-09 09:35:15,0.0,1.0,0.0
2024-11-09 09:14:58,0.0,20.0,324.0
2024-11-09 10:11:44,20.0,0.0,344.0
2024-11-09 10:12:18,0.0,20.0,324.0
2024-11-09 15:01:23,0.0,40.0,284.0
2022-11-10 08:08:22,0.0,15.0,985.0
2022-11-10 10:18:12,0.0,5.0,980.0
2022-11-10 10:36:38,0.0,1.0,979.0
2022-11-10 10:41:45,0.0,1.0,978.0
2022-11-10 12:16:39,0.0,10.0,968.0
2022-11-10 12:19:35,0.0,50.0,918.0
2022-11-10 12:22:42,0.0,1.0,917.0
2022-11-10 18:01:55,0.0,200.0,717.0
2023-11-10 10:30:54,100.0,0.0,0.0
2023-11-10 10:30:54,1.0,0.0,0.0
2023-11-10 16:12:05,0.0,2.0,0.0
2023-11-10 16:12:05,0.0,70.0,0.0
2024-11-10 08:55:13,0.0,50.0,0.0
2024-11-10 09:01:05,0.0,20.0,0.0
2024-11-10 09:11:16,0.0,20.0,0.0
2024-11-10 09:41:40,0.0,5.0,0.0
2024-11-10 11:44:40,0.0,33.0,0.0
2022-11-11 08:14:03,0.0,15.0,844.0
2022-11-11 09:08:53,0.0,200.0,644.0
2022-11-11 09:34:54,0.0,10.0,634.0
2022-11-11 09:47:21,0.0,1.0,633.0
2022-11-11 09:54:52,0.0,10.0,623.0
2022-11-11 10:01:25,0.0,2.0,615.0
2022-11-11 11:27:20,0.0,50.0,560.0
2022-11-11 12:14:40,0.0,3.0,557.0
2023-11-11 11:41:49,0.0,50.0,0.0
2023-11-11 12:57:08,0.0,25.0,0.0
2023-11-12 09:23:37,0.0,30.0,0.0
2023-12-01 08:44:59,0.0,20.0,913.0
2023-12-01 09:04:54,0.0,10.0,903.0
2023-12-01 09:24:25,0.0,20.0,883.0
2023-12-01 09:33:11,0.0,25.0,858.0
2023-12-01 10:05:11,0.0,5.0,853.0
2023-12-01 10:06:10,300.0,0.0,1152.0
2023-12-01 10:08:12,0.0,1.0,852.0
2023-12-01 10:10:38,0.0,7.0,1145.0
2023-12-01 10:14:18,0.0,10.0,1135.0
2023-12-01 10:39:48,250.0,0.0,1385.0
2023-12-01 10:45:08,150.0,0.0,1535.0
2023-12-01 10:46:08,300.0,0.0,1835.0
2023-12-01 12:30:26,0.0,20.0,1815.0
2023-12-01 14:30:29,0.0,10.0,1805.0
2023-12-01 14:57:31,0.0,5.0,1800.0
2023-12-01 15:06:11,0.0,15.0,1785.0
2023-12-01 15:23:31,0.0,3.0,1782.0
2023-12-01 15:39:56,0.0,3.0,1779.0
2023-12-01 16:02:12,0.0,2.0,1777.0
2023-12-01 16:05:24,0.0,1.0,1776.0
2023-12-01 16:21:44,0.0,5.0,1771.0
2023-12-01 16:28:51,0.0,5.0,1766.0
2024-12-01 10:06:09,0.0,40.0,0.0
2024-12-02 11:39:50,0.0,75.0,0.0
2024-12-02 12:14:51,0.0,40.0,0.0
2024-12-02 12:14:51,0.0,1.0,0.0
2024-12-02 15:37:16,0.0,170.0,0.0
2024-12-02 16:40:09,0.0,10.0,0.0
2024-12-03 08:27:00,0.0,20.0,0.0
2024-12-03 10:35:25,0.0,30.0,0.0
2024-12-03 11:12:37,0.0,11.0,0.0
2025-12-03 10:09:26,1000.0,0.0,0.0
2025-12-03 10:10:33,0.0,50.0,0.0
2025-12-03 10:29:19,0.0,50.0,0.0
2025-12-03 11:24:14,0.0,130.0,0.0
2025-12-03 12:27:27,0.0,56.0,0.0
2025-12-03 12:32:24,0.0,25.0,0.0
2025-12-03 13:23:45,0.0,1.0,0.0
2025-12-03 13:54:50,0.0,15.0,0.0
2024-12-04 08:51:25,0.0,15.0,0.0
2025-12-04 10:17:20,0.0,100.0,0.0
2023-12-05 08:14:42,0.0,20.0,483.0
2023-12-05 08:38:17,150.0,0.0,633.0
2023-12-05 12:34:23,0.0,3.0,630.0
2023-12-05 12:36:52,0.0,3.0,627.0
2023-12-05 12:43:13,0.0,4.0,623.0
2023-12-05 12:45:43,0.0,1.0,622.0
2023-12-05 12:56:10,0.0,2.0,620.0
2023-12-05 13:05:08,0.0,20.0,600.0
2023-12-05 13:14:59,0.0,3.0,584.0
2023-12-05 13:15:35,0.0,10.0,587.0
2023-12-05 13:16:22,0.0,3.0,597.0
2023-12-05 14:47:16,0.0,50.0,534.0
2025-12-05 08:34:27,0.0,30.0,0.0
2025-12-05 09:23:41,0.0,10.0,0.0
2025-12-05 09:58:46,0.0,75.0,0.0
2023-12-06 08:23:58,0.0,10.0,59.0
2023-12-06 09:02:44,0.0,5.0,54.0
2023-12-06 09:10:58,0.0,1.0,53.0
2023-12-06 11:13:46,100.0,0.0,153.0
2023-12-06 11:17:28,0.0,100.0,53.0
2023-12-06 13:07:40,1.0,0.0,54.0
2023-12-06 13:10:26,5.0,0.0,59.0
2023-12-06 15:34:33,10.0,0.0,69.0
2024-12-06 09:44:08,0.0,30.0,0.0
2025-12-06 14:27:27,0.0,2.0,0.0
2022-12-07 09:03:51,450.0,0.0,450.0
2022-12-07 09:16:32,515.0,0.0,965.0
2022-12-07 14:07:53,0.0,50.0,915.0
2022-12-07 14:07:53,0.0,0.0,0.0
2023-12-07 09:09:40,0.0,15.0,1331.0
2023-12-07 12:18:28,0.0,25.0,1306.0
2023-12-07 12:46:36,0.0,2.0,1274.0
2023-12-07 12:47:10,0.0,25.0,1276.0
2023-12-07 12:48:04,0.0,2.0,1301.0
2023-12-07 12:58:46,0.0,2.0,1268.0
2023-12-07 13:00:03,0.0,4.0,1270.0
2023-12-07 14:12:15,0.0,3.0,1303.0
2023-12-07 15:54:01,0.0,100.0,1168.0
2023-12-07 15:54:01,0.0,1.0,1167.0
2024-12-07 11:44:07,0.0,2.0,0.0
2024-12-07 18:28:52,0.0,1.0,0.0
2025-12-07 09:54:47,0.0,100.0,0.0
2022-12-08 08:33:46,0.0,5.0,527.0
2022-12-08 08:49:28,0.0,10.0,517.0
2022-12-08 11:17:09,0.0,5.0,512.0
2022-12-08 14:03:33,0.0,25.0,487.0
2022-12-08 17:26:20,0.0,5.0,539.0
2023-12-08 09:25:50,0.0,20.0,0.0
2024-12-08 10:15:11,0.0,20.0,0.0
2024-12-08 10:54:23,0.0,40.0,0.0
2024-12-08 11:26:20,0.0,20.0,0.0
2024-12-08 11:54:56,0.0,40.0,0.0
2024-12-08 13:36:35,0.0,40.0,0.0
2025-12-08 09:19:45,0.0,25.0,0.0
2025-12-08 09:35:23,0.0,60.0,0.0
2025-12-08 09:43:21,0.0,10.0,0.0
2025-12-08 09:52:28,0.0,6.0,0.0
2025-12-08 09:53:48,0.0,1.0,0.0
2025-12-08 10:02:35,0.0,2.0,0.0
2025-12-08 10:41:10,0.0,5.0,0.0
2025-12-08 11:42:49,0.0,10.0,0.0
2025-12-08 11:50:02,0.0,25.0,0.0
2022-12-09 08:14:55,0.0,15.0,0.0
2022-12-09 10:35:35,0.0,30.0,0.0
2022-12-09 13:02:05,0.0,100.0,0.0
2022-12-09 13:54:12,0.0,50.0,0.0
2022-12-09 14:07:44,250.0,0.0,0.0
2023-12-09 08:50:29,0.0,15.0,0.0
2023-12-09 10:31:09,0.0,1.0,0.0
2023-12-09 10:31:09,0.0,100.0,0.0
2023-12-09 10:54:41,0.0,1.0,0.0
2023-12-09 10:54:41,0.0,100.0,0.0
2023-12-09 11:10:15,0.0,50.0,0.0
2023-12-09 11:32:26,0.0,100.0,0.0
2023-12-09 11:32:26,0.0,1.0,0.0
2023-12-09 15:36:09,0.0,2.0,0.0
2024-12-09 09:31:33,0.0,20.0,264.0
2024-12-09 09:36:27,0.0,100.0,164.0
2024-12-09 09:36:27,0.0,1.0,163.0
2024-12-09 10:20:51,0.0,80.0,0.0
2024-12-09 10:55:02,0.0,40.0,0.0
2024-12-09 11:37:11,0.0,1.0,0.0
2024-12-09 12:00:23,0.0,1.0,0.0
2022-12-10 08:43:34,0.0,5.0,712.0
2022-12-10 08:47:01,0.0,30.0,682.0
2022-12-10 11:38:49,0.0,10.0,672.0
2022-12-10 11:39:36,0.0,10.0,662.0
2022-12-10 11:41:17,0.0,10.0,652.0
2022-12-10 11:42:02,0.0,10.0,642.0
2022-12-10 11:43:04,0.0,15.0,627.0
2022-12-10 11:44:41,0.0,45.0,582.0
2022-12-10 11:45:25,0.0,20.0,562.0
2022-12-10 11:46:13,0.0,5.0,557.0
2022-12-10 11:50:53,0.0,30.0,527.0
2022-12-10 11:51:39,0.0,50.0,477.0
2022-12-10 11:53:04,0.0,17.0,460.0
2022-12-10 11:56:59,0.0,10.0,450.0
2022-12-10 13:10:22,0.0,20.0,430.0
2022-12-10 13:23:16,0.0,3.0,427.0
2022-12-10 13:29:00,0.0,5.0,422.0
2022-12-10 13:30:41,0.0,20.0,402.0
2022-12-10 16:44:44,0.0,50.0,352.0
2022-12-10 16:47:08,0.0,25.0,327.0
2022-12-10 16:49:35,0.0,35.0,292.0
2022-12-10 17:07:56,0.0,10.0,282.0
2023-12-10 11:25:06,0.0,50.0,0.0
2023-12-10 11:25:06,0.0,1.0,0.0
2023-12-10 12:57:15,0.0,1.0,0.0
2023-12-10 12:57:15,0.0,50.0,0.0
2023-12-10 13:31:43,50.0,0.0,0.0
2023-12-10 13:31:43,1.0,0.0,0.0
2023-12-10 13:33:02,0.0,70.0,0.0
2023-12-10 13:33:02,0.0,2.0,0.0
2023-12-10 14:10:12,0.0,100.0,0.0
2023-12-10 14:10:12,0.0,3.0,0.0
2023-12-10 14:37:27,0.0,3.0,0.0
2023-12-10 14:37:27,0.0,100.0,0.0
2023-12-10 14:57:52,0.0,3.0,0.0
2023-12-10 14:57:52,0.0,100.0,0.0
2023-12-10 17:10:03,0.0,9.0,0.0
2024-12-10 08:29:01,500.0,0.0,500.0
2024-12-10 10:41:39,0.0,10.0,490.0
2024-12-10 11:09:53,0.0,50.0,440.0
2022-12-12 09:24:36,536.0,0.0,623.0
2022-12-12 09:58:18,0.0,1.0,622.0
2022-12-12 11:42:48,0.0,52.0,570.0
2022-12-12 11:59:19,0.0,10.0,87.0
2022-12-12 12:44:20,0.0,10.0,560.0
2022-12-12 13:09:16,0.0,2.0,558.0
2023-12-12 12:42:42,0.0,1.0,0.0
2023-12-12 15:15:48,0.0,5.0,0.0
2023-12-12 16:43:06,0.0,100.0,0.0
,0.0,20.0,1746.0
,0.0,7.0,1739.0
,0.0,5.0,1734.0
,0.0,25.0,1709.0
,0.0,10.0,1699.0
,0.0,10.0,1689.0
,0.0,25.0,1664.0
,0.0,2.0,0.0
,0.0,100.0,0.0
,0.0,100.0,0.0
,0.0,50.0,0.0
,0.0,50.0,0.0
,0.0,100.0,0.0
,170.0,0.0,0.0
,0.0,100.0,0.0
,0.0,70.0,0.0
,0.0,1.0,0.0
,0.0,2.0,0.0
,0.0,10.0,0.0
,0.0,100.0,0.0
,0.0,30.0,0.0
,0.0,50.0,0.0
,0.0,50.0,0.0
,0.0,100.0,0.0
,0.0,399.0,0.0
,0.0,15.0,0.0
,0.0,2.0,0.0
,0.0,20.0,514.0
,0.0,10.0,504.0
,0.0,3.0,501.0
,0.0,200.0,301.0
,0.0,50.0,251.0
,0.0,3.0,0.0
,0.0,1.0,0.0
,500.0,0.0,0.0
,0.0,100.0,0.0
,10.0,0.0,79.0
,0.0,50.0,0.0
,0.0,1.0,0.0
,50.0,0.0,0.0
,0.0,100.0,0.0
,0.0,20.0,0.0
,0.0,7.0,0.0
,0.0,15.0,0.0
,0.0,50.0,0.0
,0.0,20.0,0.0
,0.0,5.0,0.0
,0.0,3.0,0.0
,0.0,5.0,0.0
,0.0,6.0,1161.0
,0.0,5.0,1156.0
,0.0,2.0,1154.0
,0.0,25.0,1129.0
,0.0,1.0,1028.0
,0.0,100.0,1029.0
,0.0,10.0,0.0
,0.0,10.0,0.0
,0.0,1.0,0.0
,0.0,20.0,0.0
,0.0,50.0,437.0
,0.0,0.0,0.0
,200.0,0.0,0.0
,0.0,20.0,0.0
,0.0,20.0,0.0
,0.0,80.0,0.0
,0.0,4.0,0.0
,0.0,60.0,0.0
,0.0,50.0,0.0
,0.0,10.0,0.0
,500.0,0.0,0.0
,0.0,25.0,0.0
,0.0,10.0,0.0
,0.0,50.0,0.0
,0.0,5.0,0.0
,0.0,3.0,0.0
,0.0,3.0,0.0
,0.0,1.0,0.0
,0.0,2.0,0.0
,0.0,10.0,0.0
,0.0,10.0,0.0
,0.0,100.0,0.0
,0.0,3.0,0.0
,0.0,1.0,0.0
,0.0,1.0,0.0
,0.0,1.0,0.0
,0.0,100.0,0.0
,0.0,20.0,0.0
,0.0,1.0,281.0
,0.0,30.0,251.0
,0.0,2.0,249.0
,0.0,100.0,0.0
,0.0,3.0,0.0
,0.0,10.0,0.0
,0.0,100.0,0.0
,0.0,15.0,543.0
,0.0,20.0,523.0
,0.0,100.0,423.0
,0.0,2.0,421.0
,0.0,2.0,419.0
,0.0,15.0,404.0
,0.0,25.0,374.0
,0.0,5.0,364.0
,0.0,5.0,369.0
,0.0,10.0,354.0
,0.0,10.0,344.0
,0.0,5.0,399.0
,0.0,10.0,334.0
,0.0,15.0,1649.0
,0.0,6.0,1643.0
,10.0,0.0,0.0
,0.0,10.0,0.0
,0.0,30.0,0.0
,0.0,40.0,0.0
,0.0,5.0,0.0
,0.0,26.0,0.0
,0.0,100.0,0.0
,100.0,0.0,0.0
,0.0,17.0,0.0
,0.0,20.0,0.0
,0.0,20.0,0.0
,0.0,10.0,0.0
,0.0,5.0,0.0
,0.0,5.0,0.0
,0.0,15.0,0.0
,0.0,5.0,0.0
,0.0,18.0,0.0
,500.0,0.0,0.0
,0.0,50.0,0.0
,0.0,25.0,0.0
,0.0,15.0,0.0
,0.0,30.0,0.0
,0.0,30.0,0.0
,180.0,0.0,0.0
,0.0,100.0,0.0
,900.0,0.0,979.0
,5.0,0.0,984.0
,5.0,0.0,989.0
,1.0,0.0,990.0
,3.0,0.0,993.0
,1.0,0.0,994.0
,20.0,0.0,1014.0
,0.0,10.0,1004.0
,0.0,1.0,978.0
,0.0,20.0,979.0
,0.0,5.0,999.0
,0.0,100.0,878.0
,0.0,34.0,844.0
,0.0,20.0,0.0
,10.0,0.0,1038.0
,0.0,5.0,1033.0
,0.0,10.0,1023.0
,0.0,1.0,1022.0
,0.0,2.0,1020.0
,0.0,2.0,1018.0
,0.0,5.0,1013.0
,0.0,8.0,1005.0
,0.0,5.0,1000.0
,0.0,2.0,998.0
,0.0,10.0,988.0
,0.0,5.0,983.0
,0.0,1.0,782.0
,0.0,100.0,783.0
,0.0,100.0,883.0
,0.0,30.0,0.0
,0.0,30.0,0.0
,0.0,20.0,0.0
,0.0,75.0,0.0
,0.0,20.0,0.0
,0.0,20.0,0.0
,0.0,40.0,0.0
,0.0,20.0,0.0
,0.0,30.0,0.0
,0.0,50.0,0.0
,0.0,3.0,0.0
,0.0,5.0,0.0
,0.0,15.0,0.0
,0.0,15.0,0.0
,0.0,2.0,0.0
,0.0,1.0,0.0
,0.0,2.0,0.0
,0.0,5.0,0.0
,0.0,22.0,0.0
,765.0,0.0,764.0
,0.0,20.0,744.0
,500.0,0.0,746.0
,0.0,3.0,0.0
,0.0,100.0,0.0
,0.0,2.0,238.0
,0.0,200.0,240.0
,0.0,28.0,210.0
,0.0,2.0,208.0
,0.0,2.0,0.0
,0.0,200.0,0.0
,0.0,10.0,547.0
,0.0,12.0,535.0
,0.0,1.0,534.0
,0.0,5.0,529.0
,0.0,2.0,527.0
,0.0,3.0,524.0
,0.0,20.0,504.0
,0.0,25.0,479.0
,0.0,10.0,469.0
,0.0,100.0,369.0
,0.0,5.0,610.0
,0.0,5.0,364.0
,0.0,2.0,362.0
,0.0,2.0,617.0
,0.0,4.0,619.0
,0.0,200.0,73.0
,0.0,100.0,262.0
,0.0,6.0,0.0
,0.0,3.0,331.0
,0.0,2.0,329.0
,0.0,70.0,0.0
,0.0,10.0,0.0
,36.0,0.0,0.0
,0.0,3.0,0.0
,0.0,20.0,0.0
,0.0,5.0,0.0
,0.0,20.0,0.0
,1000.0,0.0,0.0
,0.0,5.0,0.0
,0.0,30.0,0.0
,0.0,100.0,0.0
,0.0,30.0,0.0
,0.0,1.0,0.0
,0.0,3.0,0.0
,0.0,3.0,0.0
,0.0,20.0,0.0
,0.0,1.0,0.0
,0.0,40.0,0.0
,0.0,100.0,0.0
,0.0,237.0,0.0
,0.0,20.0,0.0
,0.0,5.0,0.0
,0.0,60.0,0.0
,0.0,50.0,0.0
,0.0,2.0,0.0
,0.0,30.0,0.0
,0.0,40.0,0.0
,2.0,0.0,0.0
,0.0,40.0,804.0
,0.0,50.0,739.0
,0.0,15.0,789.0
,0.0,25.0,654.0
,0.0,60.0,679.0
,0.0,10.0,644.0
,0.0,15.0,629.0
,0.0,100.0,0.0
,0.0,20.0,0.0
,0.0,50.0,0.0
,0.0,0.0,831.0
,0.0,20.0,811.0
,0.0,5.0,806.0
,0.0,7.0,799.0
,16.0,0.0,815.0
,16.0,0.0,831.0
,150.0,0.0,981.0
,400.0,0.0,1381.0
,0.0,15.0,767.0
,0.0,1.0,766.0
,0.0,30.0,0.0
,0.0,60.0,0.0
,0.0,10.0,0.0
,0.0,25.0,0.0
,0.0,10.0,0.0
,0.0,2.0,0.0
,0.0,50.0,0.0
,0.0,2.0,0.0
,0.0,3.0,0.0
,35.0,0.0,0.0
,0.0,200.0,0.0
,0.0,100.0,0.0
,0.0,10.0,0.0
,0.0,100.0,0.0
,0.0,1.0,0.0
,0.0,20.0,0.0
,0.0,30.0,0.0
,0.0,50.0,0.0
,0.0,10.0,0.0
,0.0,30.0,0.0
,0.0,1.0,0.0
,0.0,5.0,0.0
,0.0,3.0,0.0
,0.0,2.0,0.0
,0.0,2.0,0.0
,0.0,200.0,0.0
,0.0,3.0,246.0
,300.0,0.0,1046.0
,0.0,10.0,1036.0
,0.0,20.0,0.0
,200.0,0.0,186.0
,2.0,0.0,188.0
,0.0,10.0,178.0
,499.0,0.0,677.0
,0.0,50.0,627.0
,0.0,30.0,597.0
,2.0,0.0,799.0
,200.0,0.0,797.0
,0.0,2.0,797.0
,0.0,200.0,597.0
,0.0,10.0,587.0
,0.0,20.0,242.0
,100.0,0.0,342.0
,0.0,5.0,337.0
,0.0,5.0,332.0
,0.0,20.0,0.0
,0.0,10.0,319.0
,0.0,2.0,317.0
,0.0,6.0,1637.0
,0.0,4.0,1633.0
,0.0,20.0,1613.0
,0.0,20.0,1593.0
,0.0,10.0,1558.0
,0.0,25.0,1568.0
,0.0,5.0,1553.0
,0.0,50.0,1503.0
,0.0,100.0,1403.0
,0.0,17.0,1386.0
,0.0,50.0,1336.0
,0.0,5.0,1116.0
,0.0,15.0,1121.0
,0.0,200.0,1136.0
,0.0,100.0,0.0
,0.0,3.0,0.0
,0.0,20.0,0.0
,0.0,5.0,0.0
,0.0,5.0,0.0
,0.0,1.0,0.0
,0.0,50.0,0.0
,0.0,10.0,0.0
,0.0,10.0,0.0
,0.0,30.0,0.0
,0.0,2.0,249.0
,0.0,15.0,234.0
,0.0,25.0,209.0
,0.0,1.0,208.0
,0.0,1.0,207.0
,0.0,5.0,202.0
,0.0,5.0,197.0
,0.0,20.0,177.0
,0.0,10.0,0.0
,0.0,170.0,0.0
,0.0,100.0,0.0
,0.0,1.0,0.0
,0.0,5.0,624.0
,0.0,5.0,0.0
,0.0,100.0,0.0
,0.0,22.0,0.0
,0.0,250.0,1131.0
,0.0,3.0,1128.0
,0.0,100.0,0.0
,0.0,52.0,0.0
,0.0,55.0,0.0
,0.0,5.0,0.0
,0.0,50.0,0.0
,0.0,50.0,0.0
,0.0,3.0,0.0
,0.0,90.0,0.0
,0.0,20.0,0.0
,0.0,14.0,0.0
,0.0,1.0,0.0
,0.0,15.0,0.0
,0.0,100.0,0.0
,0.0,20.0,0.0
,0.0,5.0,0.0
,0.0,5.0,0.0
,0.0,1.0,0.0
,0.0,20.0,0.0
,0.0,5.0,0.0
,0.0,7.0,0.0
,0.0,20.0,0.0
,0.0,100.0,0.0
,0.0,100.0,0.0
,0.0,2.0,0.0
,0.0,0.0,1507.0
,0.0,15.0,0.0
,0.0,30.0,0.0
,0.0,20.0,724.0
,0.0,60.0,664.0
,0.0,60.0,604.0
,0.0,20.0,584.0
,0.0,1.0,583.0
,0.0,15.0,0.0
,0.0,20.0,0.0
,0.0,2.0,585.0
,0.0,10.0,575.0
,0.0,40.0,535.0
,0.0,20.0,515.0
,0.0,10.0,322.0
,0.0,10.0,312.0
,0.0,10.0,302.0
,0.0,10.0,292.0
,0.0,2.0,290.0
,0.0,15.0,275.0
,0.0,1.0,272.0
,0.0,2.0,273.0
,0.0,2.0,0.0
,0.0,11.0,0.0
,979.0,0.0,0.0
,0.0,50.0,0.0
,0.0,5.0,0.0
,0.0,10.0,0.0
,0.0,4.0,0.0
,0.0,5.0,0.0
,0.0,10.0,0.0
,0.0,50.0,0.0
,0.0,100.0,0.0
,0.0,50.0,0.0
,0.0,100.0,0.0
,0.0,15.0,302.0
,0.0,30.0,272.0
,0.0,3.0,259.0
,0.0,10.0,262.0
,0.0,20.0,0.0
,0.0,0.0,0.0
,0.0,5.0,0.0
,0.0,10.0,1106.0
,0.0,20.0,1086.0
,0.0,5.0,1081.0
,0.0,20.0,1061.0
,0.0,3.0,0.0
,0.0,100.0,0.0
,0.0,1.0,0.0
,0.0,2.0,0.0
,0.0,2.0,0.0
,2.0,0.0,0.0
,0.0,4.0,0.0
,0.0,50.0,0.0
,0.0,30.0,0.0
,0.0,10.0,0.0
,70.0,0.0,0.0
,0.0,10.0,0.0
,0.0,20.0,0.0
,0.0,10.0,0.0
,0.0,30.0,0.0
,0.0,15.0,0.0
,0.0,10.0,0.0
,0.0,100.0,0.0
,0.0,125.0,0.0
,320.0,0.0,0.0
,1000.0,0.0,0.0
,0.0,150.0,0.0
,0.0,25.0,0.0
,0.0,25.0,0.0
,0.0,5.0,619.0
,0.0,20.0,0.0
,0.0,100.0,0.0
,0.0,40.0,0.0
,0.0,3.0,0.0
,0.0,10.0,756.0
,0.0,50.0,706.0
,0.0,11.0,695.0
,0.0,10.0,685.0
,1.0,0.0,686.0
,0.0,8.0,0.0
,0.0,20.0,0.0
,0.0,100.0,0.0
,0.0,10.0,0.0
,0.0,20.0,0.0
,150.0,0.0,0.0
,1.0,0.0,0.0
,299.0,0.0,0.0
,447.0,0.0,0.0
,0.0,3.0,0.0
,0.0,5.0,0.0
,0.0,10.0,0.0
,0.0,20.0,0.0
,0.0,50.0,0.0
,0.0,2.0,0.0
,0.0,3.0,0.0
,0.0,0.0,0.0
,275.0,0.0,0.0
,0.0,15.0,1466.0
,0.0,20.0,1487.0
,0.0,6.0,1481.0
,0.0,4.0,1462.0
,0.0,15.0,1447.0
,0.0,10.0,1437.0
,0.0,20.0,1417.0
,299.0,0.0,1516.0
,0.0,200.0,1217.0
,0.0,20.0,563.0
,0.0,20.0,543.0
,0.0,50.0,956.0
,0.0,30.0,1006.0
,0.0,15.0,941.0
,0.0,15.0,926.0
,500.0,0.0,0.0
,250.0,0.0,0.0
,6.0,0.0,521.0
,0.0,1.0,520.0
,1.0,0.0,521.0
,0.0,7.0,514.0
,0.0,30.0,484.0
,0.0,20.0,252.0
,0.0,22.0,230.0
,0.0,15.0,0.0
,0.0,50.0,0.0
,0.0,4.0,255.0
,0.0,50.0,205.0
,0.0,20.0,1041.0
,0.0,2.0,1039.0
,0.0,2.0,1037.0
,0.0,35.0,1002.0
,0.0,50.0,952.0
,0.0,1.0,951.0
,0.0,10.0,941.0
,0.0,1.0,940.0
,0.0,40.0,0.0
,0.0,30.0,0.0
,0.0,20.0,0.0
,0.0,5.0,0.0
,134.0,0.0,0.0
,0.0,20.0,0.0
,0.0,50.0,0.0
,0.0,30.0,0.0
,0.0,50.0,0.0
,20.0,0.0,0.0
,0.0,30.0,0.0
,0.0,6.0,171.0
,0.0,100.0,71.0
,0.0,5.0,0.0
,3.0,0.0,0.0
,0.0,100.0,0.0
,0.0,7.0,0.0
,0.0,20.0,0.0
,0.0,20.0,0.0
,1000.0,0.0,0.0
,0.0,150.0,0.0
,0.0,20.0,0.0
,0.0,15.0,1113.0
,0.0,20.0,1093.0
,0.0,5.0,1088.0
,0.0,2.0,1086.0
,0.0,20.0,666.0
,0.0,40.0,0.0
,0.0,40.0,0.0
,40.0,0.0,0.0
,0.0,60.0,0.0
,0.0,100.0,0.0
,0.0,2.0,0.0
,1.0,0.0,0.0
,35.0,0.0,0.0
,999.0,0.0,0.0
,0.0,22.0,0.0
,0.0,100.0,0.0
,0.0,10.0,0.0
,0.0,250.0,0.0
,0.0,3.0,0.0
,116.0,0.0,0.0
,0.0,20.0,0.0
,0.0,30.0,0.0
,0.0,10.0,0.0
,0.0,10.0,0.0
,0.0,15.0,0.0
,0.0,1.0,0.0
,0.0,100.0,0.0
,0.0,10.0,0.0
,0.0,50.0,0.0
,0.0,10.0,0.0
,1000.0,0.0,0.0
,0.0,1.0,0.0
,0.0,100.0,0.0
,0.0,30.0,0.0
,0.0,20.0,523.0
,0.0,40.0,483.0
,0.0,60.0,423.0
,0.0,40.0,383.0
,0.0,10.0,916.0
,0.0,2.0,914.0
,0.0,10.0,904.0
,0.0,20.0,884.0
,250.0,0.0,0.0
,0.0,100.0,0.0
,0.0,3.0,0.0
,0.0,1.0,0.0
,0.0,50.0,0.0
,0.0,36.0,0.0
,0.0,235.0,249.0
,0.0,40.0,209.0
,0.0,150.0,0.0
,0.0,29.0,0.0
,0.0,29.0,0.0
,0.0,15.0,215.0
,0.0,5.0,210.0
,0.0,1.0,209.0
,0.0,1.0,208.0
,2.0,0.0,0.0
,0.0,5.0,0.0
,30.0,0.0,0.0
,0.0,30.0,0.0
,0.0,200.0,0.0
,0.0,150.0,0.0
,0.0,200.0,0.0
,50.0,0.0,0.0
,100.0,0.0,0.0
,0.0,100.0,0.0
,0.0,95.0,0.0
,0.0,3.0,0.0
,0.0,100.0,0.0
,0.0,100.0,0.0
,0.0,3.0,0.0
,0.0,15.0,925.0
,0.0,2.0,923.0
,42.0,0.0,0.0
,500.0,0.0,0.0
,0.0,100.0,0.0
,0.0,50.0,0.0
,0.0,1.0,0.0
,0.0,100.0,0.0
,0.0,135.0,0.0
,0.0,50.0,0.0
,0.0,30.0,0.0
,30.0,0.0,0.0
,0.0,10.0,0.0
,0.0,10.0,0.0
,0.0,6.0,0.0
,0.0,25.0,46.0
,0.0,100.0,0.0
,0.0,1.0,0.0
,0.0,21.0,0.0
,0.0,150.0,469.0
,0.0,140.0,0.0
,0.0,50.0,0.0
,0.0,30.0,0.0
,0.0,1.0,1085.0
,0.0,10.0,1075.0
,0.0,2.0,664.0
,0.0,10.0,654.0
,0.0,2.0,652.0
,0.0,2.0,650.0
,60.0,0.0,0.0
,0.0,5.0,0.0
,0.0,30.0,0.0
,0.0,50.0,0.0
,0.0,50.0,0.0
,0.0,15.0,0.0
,3.0,0.0,0.0
,150.0,0.0,0.0
,0.0,1.0,0.0
,0.0,5.0,0.0
,0.0,9.0,0.0
,0.0,0.0,0.0
,0.0,20.0,0.0
,0.0,20.0,0.0
,200.0,0.0,1716.0
,0.0,200.0,1516.0
,0.0,10.0,1506.0
,1.0,0.0,1507.0
,1.0,0.0,1508.0
,1.0,0.0,1509.0
,0.0,15.0,0.0
,0.0,2.0,0.0
,0.0,10.0,0.0
,0.0,25.0,358.0
,0.0,20.0,338.0
,0.0,1.0,883.0
,0.0,2.0,881.0
,0.0,10.0,871.0
,150.0,0.0,1021.0
,0.0,30.0,0.0
,0.0,2.0,0.0
,100.0,0.0,101.0
,0.0,100.0,0.0
,0.0,10.0,198.0
,0.0,2.0,196.0
,0.0,3.0,193.0
,0.0,20.0,173.0
,0.0,100.0,73.0
,0.0,20.0,185.0
,0.0,10.0,175.0
,0.0,1.0,174.0
,0.0,70.0,0.0
,0.0,5.0,0.0
,0.0,1.0,0.0
,0.0,100.0,823.0
,0.0,100.0,723.0
,0.0,20.0,0.0
,0.0,30.0,0.0
,0.0,50.0,0.0
,0.0,50.0,0.0
,0.0,1.0,0.0
,0.0,20.0,0.0
,0.0,20.0,0.0
,1000.0,0.0,1016.0
,0.0,200.0,816.0
,0.0,100.0,716.0
,0.0,100.0,616.0
,0.0,50.0,566.0
,0.0,50.0,516.0
,0.0,5.0,0.0
,0.0,15.0,454.0
,0.0,100.0,354.0
,0.0,20.0,334.0
,0.0,5.0,329.0
,0.0,30.0,299.0
,0.0,20.0,279.0
,0.0,50.0,0.0
,0.0,10.0,0.0
,0.0,30.0,0.0
,5.0,0.0,0.0
,0.0,10.0,0.0
,0.0,8.0,0.0
,0.0,10.0,1065.0
,0.0,5.0,1060.0
,0.0,1.0,1059.0
,0.0,10.0,640.0
,0.0,5.0,635.0
,0.0,10.0,625.0
,0.0,2.0,623.0
,0.0,20.0,0.0
,0.0,20.0,0.0
,16.0,0.0,0.0
,200.0,0.0,0.0
,300.0,0.0,0.0
,100.0,0.0,0.0
,250.0,0.0,0.0
,0.0,40.0,0.0
,0.0,25.0,1484.0
,0.0,25.0,1459.0
,0.0,5.0,1454.0
,0.0,2.0,1452.0
,0.0,3.0,1449.0
,0.0,5.0,0.0
,0.0,3.0,0.0
,0.0,40.0,298.0
,10.0,0.0,1031.0
,0.0,12.0,1019.0
,0.0,100.0,919.0
,0.0,15.0,0.0
,0.0,3.0,0.0
,0.0,0.0,0.0
,30.0,0.0,0.0
,0.0,15.0,0.0
,0.0,10.0,164.0
,0.0,3.0,161.0
,0.0,1.0,160.0
,0.0,3.0,157.0
,0.0,4.0,153.0
,0.0,5.0,0.0
,0.0,1.0,0.0
,0.0,1.0,722.0
,0.0,1.0,721.0
,0.0,15.0,0.0
,0.0,100.0,0.0
,0.0,20.0,0.0
,0.0,10.0,0.0
,0.0,3.0,0.0
,0.0,15.0,0.0
,0.0,40.0,0.0
,0.0,1.0,0.0
,0.0,15.0,0.0
,0.0,100.0,0.0
,0.0,50.0,466.0
,0.0,100.0,366.0
,0.0,100.0,266.0
,0.0,100.0,161.0
,0.0,40.0,121.0
,0.0,20.0,101.0
,0.0,10.0,91.0
,0.0,5.0,261.0
,0.0,15.0,76.0
,0.0,100.0,0.0
,0.0,20.0,0.0
,0.0,25.0,0.0
,0.0,25.0,0.0
,0.0,25.0,0.0
,0.0,30.0,0.0
,25.0,0.0,0.0
,0.0,40.0,0.0
,0.0,30.0,0.0
,0.0,25.0,0.0
,0.0,25.0,0.0
,0.0,3.0,0.0
,1.0,0.0,0.0
,0.0,50.0,229.0
,0.0,30.0,0.0
,0.0,30.0,0.0
,0.0,30.0,0.0
,0.0,15.0,1044.0
,0.0,20.0,1024.0
,0.0,25.0,598.0
,0.0,1.0,597.0
,0.0,10.0,587.0
,0.0,26.0,0.0
,0.0,25.0,0.0
,0.0,5.0,0.0
,0.0,1.0,0.0
,0.0,24.0,0.0
,0.0,30.0,0.0
,0.0,200.0,0.0
,0.0,135.0,0.0
,0.0,20.0,0.0
,0.0,1.0,0.0
,0.0,8.0,0.0
,0.0,10.0,0.0
,0.0,15.0,0.0
,0.0,4.0,0.0
,0.0,96.0,0.0
,0.0,15.0,0.0
,0.0,20.0,0.0
,0.0,100.0,0.0
,0.0,5.0,0.0
,0.0,60.0,0.0
,1000.0,0.0,1010.0
,0.0,15.0,1434.0
,0.0,10.0,1424.0
,0.0,20.0,1404.0
,0.0,400.0,1004.0
,0.0,4.0,1000.0
,0.0,100.0,0.0
,0.0,1.0,0.0
,0.0,10.0,0.0
,0.0,20.0,278.0
,0.0,20.0,258.0
,0.0,100.0,158.0
,0.0,1.0,157.0
,29.0,0.0,186.0
,0.0,10.0,909.0
,0.0,1.0,908.0
,12.0,0.0,920.0
,0.0,150.0,770.0
,400.0,0.0,0.0
,12.0,0.0,0.0
,0.0,20.0,0.0
,50.0,0.0,0.0
,0.0,3.0,70.0
,0.0,1.0,69.0
,0.0,5.0,64.0
,0.0,10.0,54.0
,0.0,3.0,0.0
,0.0,100.0,0.0
,0.0,50.0,0.0
,0.0,10.0,0.0
,121.0,0.0,0.0
,0.0,121.0,0.0
,0.0,5.0,148.0
,0.0,15.0,0.0
,0.0,1.0,0.0
,0.0,5.0,0.0
,0.0,2.0,0.0
,800.0,0.0,0.0
,0.0,100.0,0.0
,0.0,50.0,0.0
,0.0,2.0,0.0
,0.0,2.0,0.0
,0.0,49.0,0.0
,0.0,30.0,0.0
,0.0,5.0,0.0
,0.0,10.0,0.0
,0.0,1.0,0.0
,0.0,25.0,51.0
,0.0,1.0,40.0
,0.0,24.0,16.0
,0.0,10.0,41.0
,0.0,32.0,0.0
,0.0,20.0,0.0
,0.0,15.0,0.0
,0.0,15.0,0.0
,0.0,110.0,0.0
,0.0,8.0,0.0
,0.0,10.0,0.0
,0.0,1.0,923.0
,0.0,100.0,924.0
,0.0,3.0,920.0
,0.0,20.0,567.0
,0.0,1.0,0.0
,0.0,25.0,0.0
,0.0,1.0,0.0
,0.0,1.0,0.0
,0.0,2.0,0.0
,0.0,3.0,0.0
,0.0,25.0,0.0
,0.0,25.0,0.0
,25.0,0.0,0.0
,0.0,100.0,0.0
,22.0,0.0,0.0
,24.0,0.0,0.0
,0.0,200.0,0.0
,0.0,5.0,0.0
,0.0,5.0,0.0
,0.0,20.0,0.0
,0.0,20.0,0.0
,0.0,30.0,0.0
,0.0,140.0,0.0
,0.0,11.0,0.0
,0.0,50.0,0.0
,0.0,15.0,0.0
,0.0,10.0,760.0
,0.0,40.0,0.0
,42.0,0.0,0.0
,0.0,0.0,0.0
,0.0,0.0,0.0
,0.0,5.0,0.0
,0.0,5.0,0.0
,0.0,10.0,138.0
,0.0,15.0,123.0
,0.0,2.0,121.0
,0.0,4.0,117.0
,0.0,30.0,87.0
,0.0,1.0,86.0
,0.0,20.0,66.0
,0.0,15.0,706.0
,0.0,100.0,606.0
,0.0,30.0,0.0
,0.0,2.0,0.0
,0.0,20.0,0.0
,0.0,200.0,0.0
,0.0,6.0,0.0
,0.0,20.0,0.0
,0.0,100.0,0.0
,0.0,3.0,43.0
,0.0,1.0,42.0
,0.0,30.0,0.0
,0.0,10.0,0.0
,0.0,100.0,0.0
,0.0,50.0,0.0
,0.0,3.0,0.0
,0.0,150.0,0.0
,0.0,30.0,0.0
,0.0,5.0,915.0
,0.0,20.0,895.0
,0.0,120.0,0.0
,0.0,1.0,0.0
,0.0,40.0,0.0
,0.0,100.0,0.0
,0.0,40.0,0.0
,0.0,20.0,0.0
,0.0,40.0,0.0
,5.0,0.0,0.0
,5.0,0.0,0.0
,0.0,15.0,0.0
,32.0,0.0,0.0
,0.0,25.0,0.0
,0.0,15.0,0.0
,0.0,50.0,0.0
,0.0,0.0,1876.0
,0.0,15.0,1861.0
,0.0,30.0,0.0
,0.0,100.0,0.0
,0.0,20.0,0.0
,0.0,20.0,0.0
,10.0,0.0,0.0
,0.0,15.0,0.0
,0.0,20.0,166.0
,0.0,40.0,126.0
,0.0,20.0,106.0
,0.0,100.0,0.0
,0.0,3.0,0.0
,0.0,25.0,0.0
,0.0,15.0,39.0
,0.0,3.0,35.0
,0.0,1.0,38.0
,0.0,50.0,0.0
,0.0,10.0,56.0
,0.0,3.0,53.0
,0.0,50.0,3.0
,470.0,0.0,473.0
,0.0,20.0,0.0
,36.0,0.0,0.0
,0.0,20.0,0.0
,0.0,100.0,0.0
,0.0,100.0,0.0
,100.0,0.0,0.0
,0.0,75.0,0.0
,100.0,0.0,0.0
,0.0,75.0,0.0
,0.0,100.0,0.0
,0.0,10.0,0.0
,0.0,7.0,599.0
,0.0,10.0,589.0
,0.0,30.0,0.0
,0.0,0.0,0.0
,0.0,50.0,0.0
,0.0,5.0,0.0
,0.0,30.0,0.0
,0.0,150.0,0.0
,143.0,0.0,0.0
,0.0,30.0,0.0
,1.0,0.0,0.0
,51.0,0.0,0.0
,0.0,20.0,209.0
,0.0,30.0,0.0
,0.0,2.0,0.0
,0.0,30.0,0.0
,0.0,15.0,552.0
,0.0,20.0,0.0
,40.0,0.0,0.0
,0.0,6.0,0.0
,0.0,0.0,0.0
,0.0,25.0,1836.0
,0.0,3.0,0.0
,0.0,2.0,0.0
,0.0,5.0,0.0
,0.0,10.0,0.0
,10.0,0.0,0.0
,0.0,10.0,0.0
,0.0,1.0,0.0
,0.0,20.0,0.0
,0.0,20.0,0.0
,0.0,20.0,0.0
,0.0,3.0,0.0
,0.0,10.0,990.0
,0.0,2.0,988.0
,140.0,0.0,1128.0
,140.0,0.0,1268.0
,0.0,140.0,1128.0
,500.0,0.0,1628.0
,0.0,500.0,1128.0
,500.0,0.0,1628.0
,0.0,20.0,0.0
,0.0,25.0,0.0
,0.0,20.0,0.0
,0.0,10.0,750.0
,0.0,200.0,0.0
,0.0,6.0,0.0
,0.0,15.0,0.0
,0.0,20.0,0.0
,100.0,0.0,0.0
,0.0,2.0,33.0
,0.0,50.0,423.0
,0.0,20.0,0.0
,0.0,50.0,0.0
,0.0,100.0,0.0
,0.0,15.0,574.0
,0.0,0.0,0.0
,36.0,0.0,0.0
,0.0,15.0,0.0
,0.0,15.0,0.0
,0.0,25.0,0.0
,0.0,0.0,0.0
,0.0,5.0,0.0
,0.0,500.0,0.0
,0.0,3.0,0.0
,1000.0,0.0,0.0
,0.0,1.0,0.0
,0.0,100.0,0.0
,0.0,50.0,0.0
,0.0,30.0,0.0
,1000.0,0.0,0.0
,0.0,5.0,0.0
,0.0,100.0,0.0
,0.0,20.0,0.0
,0.0,15.0,0.0
,0.0,5.0,0.0
,0.0,2.0,0.0
,0.0,20.0,0.0
,0.0,2.0,0.0
,0.0,20.0,0.0
,0.0,100.0,0.0
,0.0,1.0,0.0
,0.0,2.0,893.0
,0.0,10.0,542.0
,0.0,5.0,537.0
,0.0,40.0,0.0
,0.0,20.0,0.0
,20.0,0.0,0.0
,0.0,1.0,0.0
,0.0,30.0,0.0
,0.0,1.0,0.0
,0.0,5.0,0.0
,0.0,96.0,0.0
,0.0,4.0,0.0
,0.0,8.0,0.0
,0.0,192.0,0.0
,0.0,100.0,0.0
,0.0,1.0,0.0
,0.0,1.0,0.0
,0.0,1.0,749.0
,0.0,5.0,744.0
,0.0,10.0,734.0
,0.0,5.0,729.0
,0.0,5.0,724.0
,0.0,30.0,0.0
,0.0,5.0,0.0
,0.0,30.0,0.0
,30.0,0.0,0.0
,0.0,0.0,0.0
,0.0,25.0,0.0
,0.0,3.0,0.0
,0.0,20.0,0.0
,0.0,100.0,0.0
,0.0,3.0,0.0
,0.0,20.0,554.0
,0.0,10.0,544.0
,0.0,5.0,539.0
,0.0,15.0,524.0
,0.0,5.0,519.0
,0.0,2.0,517.0
,0.0,5.0,512.0
,0.0,30.0,482.0
,0.0,2.0,0.0
,0.0,10.0,0.0
,0.0,200.0,0.0
,0.0,200.0,0.0
,0.0,100.0,0.0
,0.0,10.0,0.0
,0.0,50.0,0.0
,0.0,100.0,0.0
,0.0,10.0,0.0
,0.0,60.0,0.0
,1000.0,0.0,1016.0
,0.0,10.0,481.0
,0.0,500.0,516.0
,0.0,100.0,381.0
,0.0,200.0,181.0
,0.0,20.0,161.0
,0.0,30.0,131.0
,0.0,25.0,491.0
,0.0,50.0,81.0
,0.0,50.0,0.0
,0.0,100.0,0.0
,0.0,15.0,0.0
,0.0,30.0,0.0
,0.0,30.0,0.0
,0.0,30.0,0.0
,0.0,50.0,0.0
,0.0,50.0,0.0
,0.0,30.0,179.0
,0.0,5.0,124.0
,0.0,4.0,120.0
,0.0,50.0,129.0
,0.0,100.0,20.0
,0.0,10.0,0.0
,0.0,6.0,0.0
,2.0,0.0,0.0
,0.0,100.0,0.0
,0.0,15.0,878.0
,0.0,10.0,868.0
,0.0,2.0,866.0
,0.0,15.0,851.0
,0.0,4.0,533.0
,0.0,1.0,532.0
,0.0,5.0,527.0
,0.0,20.0,507.0
,0.0,1.0,506.0
,0.0,20.0,0.0
,0.0,20.0,0.0
,0.0,8.0,0.0
,1000.0,0.0,0.0
,35.0,0.0,0.0
,0.0,50.0,0.0
,0.0,100.0,0.0
,0.0,5.0,0.0
,250.0,0.0,0.0
,0.0,5.0,0.0
,0.0,120.0,0.0
,0.0,10.0,0.0
,800.0,0.0,1555.0
,0.0,100.0,1455.0
,0.0,40.0,1415.0
,0.0,40.0,1375.0
,0.0,20.0,1608.0
,0.0,4.0,1604.0
,0.0,30.0,1574.0
,300.0,0.0,1874.0
,400.0,0.0,0.0
,0.0,2.0,0.0
,0.0,6.0,0.0
,0.0,10.0,0.0
,0.0,11.0,0.0
,500.0,0.0,529.0
,0.0,129.0,400.0
,0.0,1.0,723.0
,0.0,30.0,0.0
,0.0,31.0,2.0
,0.0,15.0,408.0
,0.0,100.0,308.0
,0.0,30.0,0.0
,0.0,1.0,0.0
,0.0,15.0,467.0
,0.0,30.0,0.0
,0.0,20.0,0.0
,0.0,30.0,0.0
,1000.0,0.0,0.0
,0.0,100.0,0.0
,0.0,30.0,0.0
,0.0,100.0,0.0
,0.0,20.0,0.0
,0.0,40.0,0.0
,0.0,1.0,0.0
,0.0,30.0,0.0
,0.0,25.0,56.0
,25.0,0.0,81.0
,0.0,65.0,16.0
,0.0,10.0,0.0
,0.0,10.0,0.0
,0.0,1.0,0.0
,0.0,30.0,0.0
,0.0,30.0,0.0
,0.0,20.0,0.0
,11.0,0.0,11.0
,0.0,2.0,9.0
,0.0,2.0,7.0
,300.0,0.0,307.0
,250.0,0.0,557.0
,0.0,50.0,0.0
,0.0,100.0,0.0
,0.0,20.0,0.0
,0.0,3.0,848.0
,0.0,50.0,798.0
,0.0,0.0,0.0
,0.0,3.0,0.0
,0.0,5.0,501.0
,250.0,0.0,751.0
,300.0,0.0,1051.0
,0.0,0.0,0.0
,0.0,60.0,0.0
,0.0,0.0,0.0
,77.0,0.0,0.0
,27.0,0.0,0.0
,0.0,10.0,0.0
,0.0,20.0,0.0
,0.0,80.0,1295.0
,0.0,20.0,1275.0
,0.0,50.0,1824.0
,0.0,15.0,0.0
,0.0,5.0,395.0
,0.0,60.0,335.0
,0.0,20.0,315.0
,0.0,15.0,708.0
,0.0,3.0,705.0
,0.0,15.0,0.0
,0.0,25.0,0.0
,0.0,25.0,0.0
,0.0,0.0,0.0
,0.0,2.0,0.0
,0.0,15.0,293.0
,0.0,5.0,288.0
,0.0,5.0,0.0
,0.0,5.0,0.0
,5.0,0.0,0.0
,0.0,50.0,0.0
,0.0,30.0,0.0
,0.0,10.0,0.0
,0.0,10.0,457.0
,0.0,30.0,427.0
,0.0,20.0,0.0
,0.0,100.0,0.0
,0.0,30.0,0.0
,0.0,200.0,0.0
,0.0,5.0,0.0
,0.0,200.0,0.0
,0.0,2.0,0.0
,0.0,50.0,0.0
,0.0,30.0,0.0
,1000.0,0.0,1016.0
,0.0,100.0,916.0
,0.0,50.0,866.0
,0.0,200.0,666.0
,0.0,200.0,466.0
,0.0,10.0,456.0
,0.0,150.0,0.0
,0.0,100.0,0.0
,0.0,50.0,0.0
,0.0,19.0,0.0
,0.0,1.0,0.0
,0.0,30.0,0.0
,0.0,1.0,0.0
,0.0,1.0,556.0
,450.0,0.0,1006.0
,20.0,0.0,1026.0
,450.0,0.0,1476.0
,0.0,20.0,0.0
,0.0,20.0,0.0
,0.0,1.0,0.0
,0.0,2.0,0.0
,16.0,0.0,0.0
,0.0,10.0,0.0
,0.0,20.0,0.0
,0.0,20.0,0.0
,0.0,30.0,0.0
,0.0,10.0,0.0
,0.0,30.0,0.0
,30.0,0.0,0.0
,0.0,30.0,0.0
,0.0,10.0,0.0
,350.0,0.0,0.0
,0.0,20.0,1255.0
,0.0,40.0,1215.0
,0.0,40.0,1175.0
,0.0,1.0,1174.0
,0.0,1.0,1818.0
,0.0,20.0,0.0
,0.0,20.0,0.0
,0.0,6.0,0.0
,0.0,20.0,295.0
,0.0,40.0,255.0
,0.0,160.0,0.0
,0.0,3.0,702.0
,0.0,5.0,697.0
,1000.0,0.0,0.0
,300.0,0.0,0.0
,0.0,100.0,0.0
,0.0,50.0,0.0
,0.0,10.0,0.0
,0.0,20.0,-18.0
,250.0,0.0,232.0
,0.0,15.0,217.0
,0.0,3.0,214.0
,0.0,3.0,211.0
,500.0,0.0,711.0
,0.0,20.0,268.0
,0.0,50.0,218.0
,0.0,15.0,203.0
,0.0,10.0,193.0
,0.0,100.0,93.0
,450.0,0.0,543.0
,0.0,20.0,0.0
,0.0,9.0,0.0
,0.0,40.0,0.0
,0.0,50.0,0.0
,5.0,0.0,0.0
,995.0,0.0,0.0
,999.0,0.0,0.0
,0.0,40.0,416.0
,0.0,1.0,415.0
,0.0,10.0,0.0
,0.0,40.0,0.0
,0.0,2.0,0.0
,5.0,0.0,0.0
,143.0,0.0,0.0
,1.0,0.0,0.0
,0.0,5.0,0.0
,3.0,0.0,45.0
,0.0,8.0,37.0
,0.0,25.0,0.0
,0.0,15.0,1461.0
,0.0,5.0,1456.0
,300.0,0.0,1756.0
,250.0,0.0,2006.0
,0.0,20.0,1986.0
,0.0,5.0,1981.0
,1000.0,0.0,0.0
,0.0,5.0,0.0
,0.0,20.0,0.0
,0.0,20.0,0.0
,250.0,0.0,0.0
,150.0,0.0,0.0
,0.0,20.0,0.0
,0.0,60.0,0.0
,0.0,100.0,0.0
,0.0,15.0,0.0
,0.0,1.0,0.0
,0.0,2.0,0.0
,0.0,1.0,0.0
,0.0,100.0,0.0
,0.0,15.0,0.0
,0.0,4.0,0.0
,0.0,5.0,0.0
,0.0,3.0,0.0
,0.0,30.0,0.0
,0.0,3.0,0.0
,0.0,100.0,0.0
,0.0,1.0,0.0
,0.0,20.0,1154.0
,0.0,20.0,1134.0
,0.0,40.0,1094.0
,0.0,5.0,1819.0
,0.0,10.0,1783.0
,0.0,25.0,1793.0
,0.0,100.0,1683.0
,0.0,5.0,1678.0
,100.0,0.0,0.0
,14.0,0.0,0.0
,900.0,0.0,0.0
,0.0,15.0,682.0
,0.0,10.0,672.0
,5.0,0.0,677.0
,0.0,20.0,0.0
,0.0,30.0,0.0
,0.0,10.0,701.0
,206.0,0.0,907.0
,1000.0,0.0,0.0
,0.0,30.0,0.0
,0.0,10.0,0.0
,0.0,7.0,536.0
,0.0,3.0,533.0
,200.0,0.0,733.0
,262.0,0.0,995.0
,1000.0,0.0,0.0
,30.0,0.0,0.0
,0.0,5.0,0.0
,0.0,20.0,0.0
,0.0,25.0,397.0
,0.0,100.0,297.0
,0.0,5.0,422.0
,0.0,100.0,197.0
,250.0,0.0,0.0
,0.0,20.0,0.0
,0.0,30.0,0.0
,0.0,15.0,0.0
,0.0,1.0,0.0
,400.0,0.0,0.0
,0.0,100.0,0.0
,0.0,30.0,0.0
,0.0,5.0,0.0
,0.0,30.0,0.0
,0.0,50.0,0.0
,0.0,20.0,0.0
,0.0,25.0,0.0
,0.0,100.0,0.0
,0.0,1.0,1980.0
,1.0,0.0,1981.0
,0.0,2.0,1979.0
,500.0,0.0,0.0
,1000.0,0.0,0.0
,35.0,0.0,0.0
,0.0,100.0,0.0
,0.0,5.0,0.0
,100.0,0.0,0.0
,0.0,100.0,0.0
,0.0,20.0,0.0
,400.0,0.0,0.0
,0.0,60.0,0.0
,0.0,30.0,0.0
,0.0,50.0,0.0
,0.0,1.0,0.0
,0.0,100.0,0.0
,0.0,20.0,0.0
,150.0,0.0,0.0
,150.0,0.0,0.0
,0.0,1.0,0.0
,0.0,3.0,1091.0
,0.0,60.0,1031.0
,0.0,10.0,0.0
,0.0,20.0,0.0
,1000.0,0.0,1095.0
,0.0,100.0,995.0
,0.0,40.0,955.0
,0.0,100.0,0.0
,0.0,50.0,0.0
,0.0,2.0,905.0
,0.0,100.0,805.0
,2.0,0.0,807.0
,42.0,0.0,0.0
,400.0,0.0,0.0
,0.0,20.0,0.0
,0.0,20.0,0.0
,0.0,15.0,980.0
,0.0,20.0,960.0
,0.0,3.0,0.0
,0.0,100.0,0.0
,1000.0,0.0,0.0
,0.0,1.0,0.0
,0.0,79.0,0.0
,0.0,20.0,177.0
,0.0,20.0,157.0
,0.0,10.0,147.0
,0.0,13.0,134.0
,0.0,10.0,0.0
,16.0,0.0,0.0
,0.0,15.0,0.0
,998.0,0.0,0.0
,0.0,200.0,0.0
,1000.0,0.0,1037.0
,0.0,30.0,1007.0
,0.0,100.0,907.0
,0.0,50.0,857.0
,0.0,35.0,0.0
,0.0,50.0,0.0
,0.0,2.0,0.0
,0.0,13.0,0.0
,500.0,0.0,0.0
,0.0,30.0,0.0
,0.0,20.0,0.0
,0.0,2.0,0.0
,0.0,1.0,0.0
,0.0,1.0,0.0
,0.0,2.0,0.0
,0.0,20.0,0.0
,0.0,80.0,951.0
,0.0,20.0,931.0
,0.0,1.0,676.0
,0.0,10.0,666.0
,0.0,20.0,646.0
,0.0,6.0,0.0
,0.0,30.0,0.0
,50.0,0.0,0.0
,0.0,5.0,955.0
,0.0,15.0,0.0
